Company,Industry,Ownership,Location,Ratings,Founded,Cities,Reviews,Employee_Count,Salary,Interviews,Jobs
TCS,IT Services & Consulting ,Public,Chennai, 3.8,56,348,77k , 1 Lakh+ ,8.7L ,8.1k ,1.1k 
Accenture,IT Services & Consulting ,Public,Bangalore / Bengaluru , 4.0,35,180,48.1k , 1 Lakh+ ,5.9L ,5.9k ,34.6k 
Cognizant,IT Services & Consulting ,Forbes Global 2000,Chennai, 3.9,30,175,43.4k , 1 Lakh+ ,5.7L ,4.6k ,-- 
Wipro,IT Services & Consulting ,Public,Hyderabad / Secunderabad , 3.8,79,278,41.3k , 1 Lakh+ ,4.3L ,4.5k ,884 
Capgemini,IT Services & Consulting ,Public,Bangalore / Bengaluru , 3.8,57,145,35.6k , 1 Lakh+ ,4.3L ,3.8k ,-- 
Infosys,IT Services & Consulting ,Public,Bangalore / Bengaluru , 3.8,43,183,33.4k , 1 Lakh+ ,4.7L ,6k ,1.2k 
Genpact,IT Services & Consulting ,Public,Hyderabad / Secunderabad , 3.9,27,118,27k , 1 Lakh+ ,2L ,2.5k ,-- 
HCLTech,IT Services & Consulting ,Public,Chennai, 3.6,33,184,30k , 1 Lakh+ ,3.1L ,3.1k ,-- 
IBM,IT Services & Consulting ,Public,Bangalore / Bengaluru , 4.1,113,149,19.9k , 1 Lakh+ ,2.2L ,1.9k ,3.3k 
Concentrix Corporation,BPO ,Public,Gurgaon / Gurugram , 3.9,41,119,21.9k , 50k-1 Lakh ,1.1L ,1.3k ,54 
Tech Mahindra,IT Services & Consulting ,Public,Hyderabad / Secunderabad , 3.7,38,271,28.5k , 1 Lakh+ ,2.6L ,2.9k ,504 
Teleperformance,BPO ,Forbes Global 2000,Gurgaon / Gurugram , 3.8,46,192,23.5k , 50k-1 Lakh ,86.4k ,1.5k ,270 
Mphasis,IT Services & Consulting ,Public,Bangalore / Bengaluru , 3.4,26,53,7.2k , 10k-50k ,66.1k ,641 ,-- 
LTIMindtree,IT Services & Consulting ,Public,Bangalore / Bengaluru , 3.6,27,56,8.4k , 50k-1 Lakh ,1L ,1.3k ,-- 
Wells Fargo,Financial Services ,Public,Hyderabad / Secunderabad , 4.0,172,21,5.4k , 10k-50k ,49k ,438 ,382 
DXC Technology,IT Services & Consulting ,Public,Bangalore / Bengaluru , 3.8,7,84,8.5k , 10k-50k ,79.5k ,697 ,-- 
Hinduja Global Solutions,IT Services & Consulting ,Public,Bangalore / Bengaluru , 3.9,24,104,6.6k , 10k-50k ,24.4k ,209 ,-- 
Oracle,Software Product ,Public,Bangalore / Bengaluru , 3.8,47,49,4.5k , 50k-1 Lakh ,57.8k ,700 ,-- 
CGI Group,IT Services & Consulting ,Forbes Global 2000,Bangalore / Bengaluru , 4.1,48,32,3.9k , 10k-50k ,42.7k ,379 ,143 
JPMorgan Chase & Co.,Financial Services ,Public,Bangalore / Bengaluru , 4.1,56,33,5.2k , 50k-1 Lakh ,73.2k ,576 ,196 
Bharti Airtel,Telecom ,Public,Gurgaon / Gurugram , 4.0,29,667,12.2k , 10k-50k ,44.2k ,686 ,-- 
Dr. Reddy's,Pharma ,Public,Hyderabad / Secunderabad , 4.2,40,171,6.1k , 10k-50k ,24k ,325 ,-- 
Hewlett Packard Enterprise,IT Services & Consulting ,Forbes Global 2000,Bangalore / Bengaluru , 4.3,9,90,3.5k , 10k-50k ,30.6k ,177 ,-- 
Cyient,IT Services & Consulting ,Public,Hyderabad / Secunderabad , 3.8,33,35,3.9k , 10k-50k ,26k ,244 ,-- 
BT Group,Telecom ,Forbes Global 2000,Gurgaon / Gurugram , 4.1,178,18,3.3k , 10k-50k ,10.8k ,129 ,88 
Ericsson,Telecom ,Forbes Global 2000,Bangalore / Bengaluru , 4.2,148,150,6.5k , 10k-50k ,43.3k ,340 ,603 
Startek,BPO ,Public,Bangalore / Bengaluru , 3.3,7,73,6.6k , 10k-50k ,22.7k ,388 ,71 
Aurobindo Pharma,Pharma ,Public,Hyderabad / Secunderabad , 4.0,38,95,4.3k , 10k-50k ,21.6k ,205 ,-- 
American Express,Financial Services ,Forbes Global 2000,Gurgaon / Gurugram , 4.2,174,41,2.8k , 10k-50k ,21.3k ,279 ,162 
Hexaware Technologies,IT Services & Consulting ,Fortune India 500,Chennai, 3.6,34,47,5k , 10k-50k ,46.3k ,561 ,805 
First Source,BPO ,Public,Bangalore / Bengaluru , 3.8,23,55,4.1k , 10k-50k ,20.6k ,239 ,-- 
State Street Corporation,Financial Services ,Forbes Global 2000,Bangalore / Bengaluru , 3.8,232,20,2.2k , 10k-50k ,23.4k ,172 ,-- 
Automatic Data Processing (ADP),Software Product ,Forbes Global 2000,Hyderabad / Secunderabad , 4.1,75,27,2.7k , 1k-5k ,20.2k ,178 ,30 
UnitedHealth,Healthcare ,Forbes Global 2000,Hyderabad / Secunderabad , 4.1,47,16,2.5k , 10k-50k ,20.3k ,77 ,-- 
L&T Infotech,IT Services & Consulting ,Public,Bangalore / Bengaluru , 3.8,28,86,5.3k , 10k-50k ,72.6k ,453 ,-- 
L&T Technology Services,IT Services & Consulting ,Public,Bangalore / Bengaluru , 3.4,12,52,3.8k , 10k-50k ,36.3k ,420 ,-- 
Jio,Telecom ,Public,Hyderabad / Secunderabad , 4.0,6,1178,20.4k , 50k-1 Lakh ,65.4k ,1.4k ,118 
Tata Elxsi,IT Services & Consulting ,Public,Bangalore / Bengaluru , 4.0,35,26,1.7k , 5k-10k ,17.2k ,234 ,-- 
Quess,BPO ,Public,Bangalore / Bengaluru , 4.0,17,549,5.7k , 1k-5k ,25.4k ,334 ,-- 
Kyndryl,IT Services & Consulting ,Public,Bangalore / Bengaluru , 4.1,2,27,2.1k , 10k-50k ,18.3k ,120 ,-- 
Apollo Hospitals,Healthcare ,Public,Chennai, 4.1,41,189,4.1k , 10k-50k ,15.3k ,277 ,44 
Syngene International,Pharma ,Public,Bangalore / Bengaluru , 3.9,31,15,1.6k , 1k-5k ,11.1k ,130 ,36 
Vodafone Idea,Telecom ,Public,Hyderabad / Secunderabad , 4.2,6,641,14.2k , 5k-10k ,56.4k ,487 ,25 
SAP,Software Product ,Forbes Global 2000,Bangalore / Bengaluru , 4.3,52,44,1.5k , 10k-50k ,14.9k ,229 ,229 
Verizon,Telecom ,Forbes Global 2000,Chennai, 4.1,24,10,1.3k , 5k-10k ,10.7k ,84 ,-- 
Viatris,Pharma ,Forbes Global 2000,Hyderabad / Secunderabad , 4.2,4,69,2.8k , 10k-50k ,14k ,119 ,-- 
Thomson Reuters,Software Product ,Forbes Global 2000,Bangalore / Bengaluru , 4.2,16,24,1.4k , 5k-10k ,10.3k ,77 ,-- 
Microsoft Corporation,Software Product ,Forbes Global 2000,Hyderabad / Secunderabad , 4.1,49,41,1.5k , 10k-50k ,23.8k ,451 ,659 
Nokia,Telecom ,Forbes Global 2000,Bangalore / Bengaluru , 4.2,159,152,2k , 10k-50k ,14.2k ,220 ,-- 
Coforge,IT Services & Consulting ,Public,Bangalore / Bengaluru , 3.5,20,87,4k , 10k-50k ,37.9k ,394 ,158 
Oracle Cerner,IT Services & Consulting ,Public,Bangalore / Bengaluru , 3.7,45,5,1.2k , 5k-10k ,11.5k ,137 ,-- 
Allsec Technologies,BPO ,Public,Chennai, 4.0,24,26,1.5k , 1k-5k ,6.4k ,92 ,18 
Infinite Computer Solutions,IT Services & Consulting ,Public,Bangalore / Bengaluru , 3.5,23,28,1.2k , 1k-5k ,11.5k ,109 ,273 
Mercedes-Benz Research & Development India,IT Services & Consulting ,Public,Bangalore / Bengaluru , 4.0,28,47,1.3k , 5k-10k ,15.2k ,162 ,127 
Atos,IT Services & Consulting ,Forbes Global 2000,Chennai, 3.8,27,42,2.7k , 10k-50k ,27.6k ,248 ,-- 
Microland,IT Services & Consulting ,Public,Bangalore / Bengaluru , 3.6,35,40,1.3k , 1k-5k ,11k ,102 ,-- 
KPIT Technologies,Software Product ,Public,Bangalore / Bengaluru , 3.6,34,32,2.3k , 5k-10k ,20.3k ,221 ,-- 
Synchrony,Financial Services ,Forbes Global 2000,Hyderabad / Secunderabad , 4.4,92,8,995 , 1k-5k ,5.1k ,59 ,-- 
First American Corporation,Financial Services ,Forbes Global 2000,Bangalore / Bengaluru , 3.8,30,14,1.2k , 1k-5k ,8.1k ,64 ,34 
Pristyn Care,Healthcare ,Indian Unicorn,Gurgaon / Gurugram , 3.7,6,28,864 , 1k-5k ,3.7k ,63 ,17 
Orange Business,IT Services & Consulting ,Forbes Global 2000,Gurgaon / Gurugram , 4.3,32,46,1.2k , 1k-5k ,8.8k ,85 ,-- 
ANZ Banking Group,Financial Services ,Forbes Global 2000,Bangalore / Bengaluru , 4.2,17,16,908 , 5k-10k ,7.4k ,72 ,21 
Sonata Software,IT Services & Consulting ,Public,Bangalore / Bengaluru , 3.6,38,12,885 , 1k-5k ,10.6k ,94 ,-- 
Fidelity National Financial,Financial Services ,Forbes Global 2000,Bangalore / Bengaluru , 3.8,177,10,942 , 1k-5k ,5.9k ,46 ,-- 
Aon,Financial Services ,Forbes Global 2000,Gurgaon / Gurugram , 3.9,84,18,1.1k , 5k-10k ,5.5k ,48 ,-- 
VMware Software,Software Product ,Forbes Global 2000,Bangalore / Bengaluru , 4.5,26,17,999 , 5k-10k ,10.2k ,133 ,53 
Birlasoft,IT Services & Consulting ,Public,Hyderabad / Secunderabad , 3.8,29,36,2.4k , 10k-50k ,28.1k ,242 ,-- 
CMS IT Services,IT Services & Consulting ,Startup,Bangalore / Bengaluru , 3.1,10,138,2.4k , 5k-10k ,10.5k ,101 ,-- 
NCR Corporation,IT Services & Consulting ,Forbes Global 2000,Hyderabad / Secunderabad , 4.1,140,80,1.4k , 5k-10k ,8.5k ,88 ,116 
Oracle Financial Services Software,IT Services & Consulting ,Public,Bangalore / Bengaluru , 3.7,34,17,1.1k , 10k-50k ,12.5k ,127 ,-- 
Zensar Technologies,IT Services & Consulting ,Public,Hyderabad / Secunderabad , 3.8,23,22,2.2k , 5k-10k ,26k ,201 ,-- 
Tata Communications,Telecom ,Public,Chennai, 4.1,38,87,3k , 5k-10k ,22.5k ,219 ,-- 
Happiest Minds Technologies,IT Services & Consulting ,Public,Bangalore / Bengaluru , 3.8,13,14,827 , 1k-5k ,9.4k ,92 ,-- 
Gland Pharma,Pharma ,Fortune India 500,Hyderabad / Secunderabad , 3.7,46,26,1.1k , 1k-5k ,6k ,65 ,-- 
Granules India,Pharma ,Public,Hyderabad / Secunderabad , 3.9,40,14,1.1k , 1k-5k ,5.2k ,58 ,-- 
Salesforce,Software Product ,Public,Hyderabad / Secunderabad , 4.1,25,26,708 , 5k-10k ,8.5k ,217 ,110 
AstraZeneca,Pharma ,Public,Chennai, 4.2,25,42,744 , 501-1k ,6k ,35 ,-- 
Persistent Systems,IT Services & Consulting ,Public,Bangalore / Bengaluru , 3.7,34,34,3.2k , 10k-50k ,34.5k ,456 ,-- 
BNP Paribas,Financial Services ,Forbes Global 2000,Chennai, 3.9,176,22,1.3k , 10k-50k ,13.5k ,142 ,-- 
Novo Nordisk,Pharma ,Forbes Global 2000,Bangalore / Bengaluru , 4.2,101,63,837 , 1k-5k ,5.1k ,69 ,-- 
Fujitsu,IT Services & Consulting ,Forbes Global 2000,Chennai, 3.9,89,32,1.8k , 5k-10k ,15.3k ,140 ,200 
Test Yantra Software Solutions,IT Services & Consulting ,Public,Bangalore / Bengaluru , 3.3,17,16,726 , 1k-5k ,20.7k ,95 ,-- 
Better.com,Financial Services ,Startup,Gurgaon / Gurugram , 3.0,8,5,724 , 1k-5k ,4k ,48 ,28 
Northern Trust Operating Services,Financial Services ,Forbes Global 2000,Bangalore / Bengaluru , 4.1,135,16,981 , 5k-10k ,7.9k ,89 ,43 
Bajaj Finserv,Financial Services ,Public,Hyderabad / Secunderabad , 4.0,17,909,7.9k , 50k-1 Lakh ,26.2k ,417 ,-- 
Amdocs,Software Product ,Forbes Global 2000,Gurgaon / Gurugram , 4.0,42,14,3.5k , 10k-50k ,35.3k ,439 ,-- 
Narayana Health,Healthcare ,Fortune India 500,Bangalore / Bengaluru , 4.2,24,59,1.3k , 10k-50k ,5.3k ,51 ,26 
Indus Towers,Telecom ,Fortune India 500,Gurgaon / Gurugram , 3.9,17,163,1.8k , 1k-5k ,7.3k ,144 ,-- 
Ramco Systems,Software Product ,Public,Chennai, 3.5,27,24,560 , 1k-5k ,5.2k ,34 ,-- 
Strides Pharma,Pharma ,Public,Bangalore / Bengaluru , 3.9,34,31,807 , 201-500 ,3.9k ,50 ,-- 
Cigniti Technologies,IT Services & Consulting ,Public,Hyderabad / Secunderabad , 3.8,26,6,543 , 1k-5k ,6.3k ,62 ,15 
Sun Life Financial,Financial Services ,Forbes Global 2000,Gurgaon / Gurugram , 4.3,159,9,541 , 1k-5k ,3.9k ,35 ,53 
Cipla,Pharma ,Public,Bangalore / Bengaluru , 4.1,89,240,6.1k , 10k-50k ,23.9k ,416 ,88 
Maveric Systems,IT Services & Consulting ,Public,Chennai, 3.6,24,9,545 , 1k-5k ,6.6k ,95 ,-- 
3i Infotech,IT Services & Consulting ,Public,Hyderabad / Secunderabad , 3.6,31,108,1.7k , 1k-5k ,10.6k ,116 ,-- 
Morgan Stanley,Financial Services ,Forbes Global 2000,Bangalore / Bengaluru , 3.7,93,17,1.3k , 10k-50k ,19.9k ,257 ,-- 
Freshworks,Software Product ,Public,Chennai, 3.7,14,39,553 , 1k-5k ,5.2k ,123 ,-- 
Fortis Healthcare,Healthcare ,Public,Bangalore / Bengaluru , 4.1,28,61,1.9k , 1k-5k ,6.9k ,111 ,-- 
Tech Mahindra Business Services,BPO ,Public,Hyderabad / Secunderabad , 3.5,21,49,2.3k , 5k-10k ,12.5k ,247 ,-- 
Amadeus,IT Services & Consulting ,Forbes Global 2000,Bangalore / Bengaluru , 3.9,37,14,506 , 1k-5k ,6.2k ,88 ,-- 
SAI Life Sciences,Pharma ,Public,Hyderabad / Secunderabad , 3.9,25,16,959 , 1k-5k ,5k ,68 ,-- 
1point1 Solutions,BPO ,Public,Gurgaon / Gurugram , 3.4,16,14,796 , 5k-10k ,3k ,62 ,54 
Sun Pharmaceutical Industries,Pharma ,Public,Gurgaon / Gurugram , 4.1,41,209,5k , 10k-50k ,21k ,316 ,128 
GlaxoSmithKline Pharmaceuticals,Pharma ,Fortune India 500,Bangalore / Bengaluru , 4.2,194,182,1.6k , 1k-5k ,5k ,88 ,-- 
Neuland Laboratories,Pharma ,Public,Hyderabad / Secunderabad , 4.1,40,7,487 , 1k-5k ,2.5k ,35 ,-- 
Laurus Labs,Pharma ,Public,Hyderabad / Secunderabad , 4.2,19,15,1.5k , 5k-10k ,6.5k ,90 ,-- 
Natco Pharma,Pharma ,Public,Hyderabad / Secunderabad , 4.0,43,48,665 , 1k-5k ,3.1k ,40 ,-- 
Philips Innovation Campus,Healthcare ,Public,Bangalore / Bengaluru , 3.9,26,16,432 , 1k-5k ,3.9k ,41 ,-- 
Amazon Web Services,Software Product ,Public,Bangalore / Bengaluru , 4.0,18,45,618 , 10k-50k ,5.2k ,143 ,-- 
Axiscades,IT Services & Consulting ,Public,Bangalore / Bengaluru , 3.3,34,10,387 , 1k-5k ,3.2k ,49 ,-- 
Ameriprise Financial,Financial Services ,Forbes Global 2000,Gurgaon / Gurugram , 3.8,130,11,466 , 1k-5k ,4.1k ,45 ,-- 
Pfizer,Pharma ,Public,Chennai, 4.1,20,114,1.7k , 1k-5k ,5.8k ,59 ,-- 
AT&T,Telecom ,Forbes Global 2000,Bangalore / Bengaluru , 4.1,41,16,395 , 5k-10k ,3.8k ,41 ,-- 
Sasken,IT Services & Consulting ,Public,Bangalore / Bengaluru , 3.5,35,10,388 , 1k-5k ,3.6k ,57 ,-- 
Thermo Fisher Scientific,Pharma ,Forbes Global 2000,Bangalore / Bengaluru , 3.9,68,27,547 , 1k-5k ,4.4k ,44 ,-- 
Tata Teleservices,Telecom ,Public,Hyderabad / Secunderabad , 4.0,28,146,1.5k , 201-500 ,4.3k ,28 ,-- 
Sanofi,Pharma ,Public,Hyderabad / Secunderabad , 4.4,20,72,1k , 1k-5k ,4k ,59 ,199 
HCL Infosystems,IT Services & Consulting ,Public,Chennai, 4.0,48,104,1.4k , 51-200 ,9.1k ,133 ,-- 
Invesco,Financial Services ,Forbes Global 2000,Hyderabad / Secunderabad , 3.9,89,6,316 , 1k-5k ,2.6k ,30 ,-- 
Eli Lilly and Company,Pharma ,Public,Bangalore / Bengaluru , 4.1,31,18,356 , 1k-5k ,3k ,41 ,78 
Reliance Communications,Telecom ,Public,Hyderabad / Secunderabad , 4.0,22,428,3.3k , 201-500 ,11.3k ,77 ,-- 
SS&C TECHNOLOGIES,IT Services & Consulting ,Forbes Global 2000,Hyderabad / Secunderabad , 3.5,38,26,1.3k , 5k-10k ,11.9k ,135 ,95 
DIVI'S Laboratories,Healthcare ,Public,Hyderabad / Secunderabad , 3.9,34,23,1.3k , 10k-50k ,5.9k ,66 ,-- 
Mindsprint,IT Services & Consulting ,Forbes Global 2000,Chennai, 3.8,17,11,303 , 1k-5k ,4.2k ,21 ,19 
Citrix,Software Product ,Forbes Global 2000,Bangalore / Bengaluru , 3.7,35,5,324 , 1k-5k ,2.6k ,48 ,-- 
Macquarie Group,Financial Services ,Forbes Global 2000,Gurgaon / Gurugram , 3.4,55,11,331 , 1k-5k ,3.9k ,28 ,-- 
Abbott,Pharma ,Public,Hyderabad / Secunderabad , 4.2,136,172,2.8k , 10k-50k ,10.8k ,128 ,147 
Adobe,Software Product ,Public,Bangalore / Bengaluru , 4.1,42,15,920 , 5k-10k ,10.7k ,199 ,-- 
Rakuten,IT Services & Consulting ,Forbes Global 2000,Bangalore / Bengaluru , 3.7,27,10,350 , 1k-5k ,4.2k ,69 ,-- 
ICICI Securities,Financial Services ,Public,Hyderabad / Secunderabad , 3.8,29,126,1.7k , 1k-5k ,8.5k ,120 ,-- 
Kellton,IT Services & Consulting ,Public,Gurgaon / Gurugram , 3.0,15,17,306 , 1k-5k ,3.2k ,39 ,-- 
Jindal X,BPO ,Public,Gurgaon / Gurugram , 3.5,25,19,1.1k , 1k-5k ,2.8k ,89 ,20 
NetApp,IT Services & Consulting ,Forbes Global 2000,Bangalore / Bengaluru , 4.0,32,7,304 , 1k-5k ,3.4k ,44 ,-- 
Samunnati Financial Intermediation and Services,Financial Services ,Startup,Chennai, 4.5,10,52,483 , 201-500 ,787 ,15 ,-- 
Onward Technologies Inc,Software Product ,Public,Chennai, 3.2,33,61,810 , 1k-5k ,5.5k ,59 ,68 
Equiniti,IT Services & Consulting ,Public,Chennai, 3.7,10,2,273 , 1k-5k ,2.5k ,24 ,-- 
Healthians,Healthcare ,Startup,Gurgaon / Gurugram , 3.5,11,41,396 , 1k-5k ,1.7k ,34 ,-- 
Williams Lea,BPO ,Public,Chennai, 4.1,204,15,404 , 1k-5k ,3k ,30 ,-- 
Tekion,Software Product ,Startup,Bangalore / Bengaluru , 3.0,8,4,254 , 1k-5k ,2.7k ,57 ,-- 
Datamatics Global Services,IT Services & Consulting ,Public,Bangalore / Bengaluru , 3.6,49,29,1.8k , 5k-10k ,11.3k ,132 ,-- 
Bajaj Capital,Financial Services ,Public,Gurgaon / Gurugram , 3.9,60,147,1.1k , 1k-5k ,3.6k ,67 ,-- 
ServiceNow,Software Product ,Public,Hyderabad / Secunderabad , 4.0,20,7,272 , 1k-5k ,3.7k ,78 ,-- 
Quantiphi Analytics Solutions Private Limited,IT Services & Consulting ,Startup,Bangalore / Bengaluru , 3.1,11,11,663 , 1k-5k ,5.6k ,133 ,67 
JoulestoWatts Business Solutions,IT Services & Consulting ,Startup,Bangalore / Bengaluru , 2.9,9,14,322 , 201-500 ,2.7k ,19 ,-- 
Max Healthcare,Healthcare ,Fortune India 500,Gurgaon / Gurugram , 4.1,23,59,2k , 1k-5k ,8.3k ,97 ,-- 
Novartis Healthcare,Pharma ,Public,Hyderabad / Secunderabad , 4.1,28,25,314 , 51-200 ,4.1k ,20 ,-- 
Artemis Health Institute,Healthcare ,Public,Gurgaon / Gurugram , 4.3,17,10,281 , 1k-5k ,955 ,11 ,-- 
Finastra,Software Product ,Startup,Bangalore / Bengaluru , 3.9,7,10,430 , 1k-5k ,4.6k ,41 ,-- 
Inspirisys Solution,IT Services & Consulting ,Public,Chennai, 3.9,33,43,406 , 1k-5k ,3.3k ,35 ,-- 
Crisil,Financial Services ,Public,Gurgaon / Gurugram , 3.7,37,56,1.4k , 1k-5k ,11.2k ,157 ,-- 
NoBrokerHOOD,Software Product ,Startup,Bangalore / Bengaluru , 3.3,,27,616 , 1k-5k ,1.7k ,49 ,-- 
Portea Medical,Healthcare ,Startup,Bangalore / Bengaluru , 4.4,11,32,457 , 1k-5k ,1.3k ,22 ,-- 
MediBuddy,Healthcare ,Startup,Bangalore / Bengaluru , 3.4,11,15,289 , 1k-5k ,1.7k ,20 ,-- 
Black Knight,IT Services & Consulting ,Startup,Hyderabad / Secunderabad , 3.6,10,3,364 , 501-1k ,3.2k ,28 ,-- 
Health Care Global Enterprises,Healthcare ,Public,Bangalore / Bengaluru , 4.1,35,41,967 , 5k-10k ,2.4k ,45 ,-- 
Akamai Technologies,Software Product ,Forbes Global 2000,Bangalore / Bengaluru , 4.4,26,4,324 , 1k-5k ,3.2k ,46 ,-- 
Empower Retirement,Financial Services ,Public,Bangalore / Bengaluru , 3.7,133,3,235 , 1k-5k ,2.1k ,28 ,-- 
Johnson & Johnson,Pharma ,Forbes Global 2000,Gurgaon / Gurugram , 4.2,67,142,1.2k , 1k-5k ,5.8k ,77 ,-- 
Baxter International,Healthcare ,Forbes Global 2000,Gurgaon / Gurugram , 4.0,93,26,561 , 1k-5k ,3.2k ,34 ,-- 
LKQ INDIA,IT Services & Consulting ,Forbes Global 2000,Bangalore / Bengaluru , 3.8,26,2,219 , 1k-5k ,1.7k ,21 ,-- 
SirionLabs,IT Services & Consulting ,Startup,Gurgaon / Gurugram , 3.4,12,5,220 , 501-1k ,1.7k ,17 ,-- 
T-SYSTEMS ICT INDIA,IT Services & Consulting ,Public,Bangalore / Bengaluru , 3.8,8,9,711 , 1k-5k ,6.7k ,66 ,24 
Indifi Technologies,Financial Services ,Startup,Gurgaon / Gurugram , 3.8,9,8,222 , 501-1k ,1.4k ,14 ,48 
Motilal Oswal Financial Services,Financial Services ,Public,Bangalore / Bengaluru , 3.8,37,130,2k , 10k-50k ,9.3k ,166 ,71 
Mankind Pharma,Pharma ,Fortune India 500,Gurgaon / Gurugram , 4.1,29,199,2.1k , 10k-50k ,8k ,163 ,-- 
Reliance SMSL,BPO ,Public,Hyderabad / Secunderabad , 4.0,17,492,2.3k , 1k-5k ,5.8k ,136 ,-- 
Bayer,Pharma ,Public,Bangalore / Bengaluru , 4.2,161,98,648 , 10k-50k ,3.9k ,40 ,-- 
Vyapar,Software Product ,Startup,Bangalore / Bengaluru , 3.7,7,29,282 , 501-1k ,1.1k ,30 ,38 
TransUnion,Financial Services ,Forbes Global 2000,Chennai, 4.0,56,9,318 , 201-500 ,3.6k ,67 ,62 
Hindustan Wellness,Healthcare ,Startup,Gurgaon / Gurugram , 4.2,10,14,258 , 501-1k ,705 ,18 ,-- 
GlaxoSmithKline Consumer Healthcare,Pharma ,Public,Gurgaon / Gurugram , 4.5,24,93,565 , 1k-5k ,2.1k ,23 ,-- 
Model N,Software Product ,Public,Hyderabad / Secunderabad , 4.7,25,1,191 , 501-1k ,834 ,7 ,-- 
Synopsys,Software Product ,Public,Bangalore / Bengaluru , 3.9,38,10,286 , 1k-5k ,2.8k ,61 ,-- 
Dr Lal PathLabs,Healthcare ,Public,Gurgaon / Gurugram , 4.2,75,156,1.4k , 1k-5k ,4k ,110 ,53 
Aster Dm Healthcare,Healthcare ,Public,Bangalore / Bengaluru , 3.8,37,33,363 , 1k-5k ,2.1k ,32 ,38 
IIC Technologies,IT Services & Consulting ,Public,Hyderabad / Secunderabad , 3.9,30,21,307 , 1k-5k ,1.2k ,10 ,-- 
JK Tech,IT Services & Consulting ,Public,Bangalore / Bengaluru , 3.8,30,17,438 , 501-1k ,3.8k ,27 ,-- 
Computacenter,IT Services & Consulting ,Public,Bangalore / Bengaluru , 4.2,43,8,198 , 1k-5k ,1.5k ,30 ,14 
Xchanging,IT Services & Consulting ,Public,Bangalore / Bengaluru , 4.0,26,10,220 , 201-500 ,867 ,4 ,-- 
Samsung SDS,IT Services & Consulting ,Forbes Global 2000,Gurgaon / Gurugram , 3.4,39,19,261 , 1k-5k ,1.9k ,18 ,-- 
Ichhapurti.com,Software Product ,Startup,Gurgaon / Gurugram , 2.3,,27,215 , 51-200 ,665 ,18 ,-- 
QualiZeal,IT Services & Consulting ,Startup,, 4.6,3,,164 , 201-500 ,265 ,7 ,-- 
ZTE Corporation,Telecom ,Forbes Global 2000,Gurgaon / Gurugram , 4.0,21,43,395 , 201-500 ,1.5k ,17 ,-- 
Darwinbox,Software Product ,Indian Unicorn,Hyderabad / Secunderabad , 3.6,9,9,185 , 501-1k ,1.8k ,35 ,-- 
Trimble,IT Services & Consulting ,Forbes Global 2000,Chennai, 4.2,46,14,180 , 1k-5k ,1.8k ,16 ,-- 
Teva Pharmaceuticals,Pharma ,Forbes Global 2000,Bangalore / Bengaluru , 4.2,123,33,743 , 1k-5k ,4k ,54 ,-- 
Muthoot Group,Financial Services ,Public,Bangalore / Bengaluru , 3.5,137,265,1.1k , 10k-50k ,3.8k ,59 ,-- 
CES,IT Services & Consulting ,Public,Hyderabad / Secunderabad , 3.7,28,14,209 , 1k-5k ,2.1k ,33 ,-- 
Aditya Birla Capital,Financial Services ,Public,Hyderabad / Secunderabad , 4.0,7,194,1.4k , 10k-50k ,8.2k ,117 ,-- 
DotPe,IT Services & Consulting ,Startup,Gurgaon / Gurugram , 3.0,5,17,196 , 201-500 ,1.1k ,23 ,-- 
Dassault Systemes,Software Product ,Forbes Global 2000,Bangalore / Bengaluru , 4.0,43,9,796 , 5k-10k ,6k ,115 ,-- 
Cadsys,IT Services & Consulting ,Public,Hyderabad / Secunderabad , 3.7,35,3,151 , 201-500 ,471 ,5 ,-- 
Shilpa Medicare,Pharma ,Public,Hyderabad / Secunderabad , 3.5,37,28,627 , 1k-5k ,3.7k ,51 ,-- 
Yubi,Financial Services ,Indian Unicorn,Chennai, 2.9,7,9,165 , 501-1k ,1.1k ,24 ,13 
Avanze Technologies,IT Services & Consulting ,Startup,Bangalore / Bengaluru , 3.0,9,4,214 , 501-1k ,1.1k ,19 ,-- 
Telesonic Networks,Telecom ,Public,Gurgaon / Gurugram , 3.7,15,44,304 , 5k-10k ,1k ,8 ,-- 
HostBooks,Software Product ,Public,Gurgaon / Gurugram , 3.5,15,9,168 , 201-500 ,609 ,6 ,16 
Nowfloats Technologies,Software Product ,Startup,Hyderabad / Secunderabad , 3.4,12,40,329 , 201-500 ,1.3k ,15 ,-- 
Labcorp,Healthcare ,Forbes Global 2000,Bangalore / Bengaluru , 4.1,55,9,254 , 501-1k ,1.8k ,38 ,-- 
Sagarsoft,IT Services & Consulting ,Public,Hyderabad / Secunderabad , 4.5,28,2,133 , 51-200 ,524 ,5 ,-- 
Kauvery Hospital,Healthcare ,Public,Chennai, 4.0,25,12,289 , 1k-5k ,1.5k ,17 ,16 
Boston Scientific,Healthcare ,Forbes Global 2000,Gurgaon / Gurugram , 4.2,45,16,165 , 201-500 ,1.4k ,13 ,-- 
TTK Healthcare,Healthcare ,Public,Chennai, 4.2,96,72,350 , 1k-5k ,1.3k ,10 ,-- 
NexTurn,IT Services & Consulting ,Startup,Hyderabad / Secunderabad , 4.4,3,4,166 , 51-200 ,122 ,20 ,62 
Reventics,Healthcare ,Startup,Hyderabad / Secunderabad , 4.2,8,1,136 , 201-500 ,775 ,11 ,-- 
Apollo Munich Health Insurance,Financial Services ,Public,Gurgaon / Gurugram , 4.0,17,108,465 , 1k-5k ,1.7k ,8 ,-- 
Bal Pharma,Pharma ,Public,Bangalore / Bengaluru , 3.5,37,18,213 , 1k-5k ,1.1k ,12 ,-- 
Colruyt Group,IT Services & Consulting ,Forbes Global 2000,, 4.1,17,,125 , 501-1k ,810 ,8 ,-- 
Alembic Pharmaceuticals,Pharma ,Public,Hyderabad / Secunderabad , 4.0,117,155,2.7k , 10k-50k ,14k ,180 ,71 
Dr. Agarwal's Eye Hospital,Healthcare ,Public,Chennai, 4.0,67,44,258 , 1k-5k ,1.1k ,19 ,-- 
Sharekhan,Financial Services ,Public,Bangalore / Bengaluru , 4.0,24,109,1k , 1k-5k ,4.7k ,63 ,-- 
ARCADIS,IT Services & Consulting ,Public,Bangalore / Bengaluru , 4.2,15,24,190 , 1k-5k ,1.4k ,27 ,-- 
Aspiro Pharma,Pharma ,Startup,Hyderabad / Secunderabad , 3.7,12,2,187 , 51-200 ,949 ,8 ,-- 
Newgen Software Technologies,IT Services & Consulting ,Public,Chennai, 3.6,32,23,1k , 1k-5k ,10.3k ,147 ,38 
Piramal Group,Financial Services ,Fortune India 500,Hyderabad / Secunderabad , 4.0,44,124,1.1k , 10k-50k ,4.7k ,55 ,40 
Piramal Pharma,Pharma ,Public,Hyderabad / Secunderabad , 4.0,36,52,714 , 1k-5k ,4.1k ,72 ,349 
BetterPlace Safety Solutions,IT Services & Consulting ,Startup,Bangalore / Bengaluru , 3.3,9,10,141 , 201-500 ,1.1k ,12 ,11 
Groww,Financial Services ,Indian Unicorn,Bangalore / Bengaluru , 3.9,7,10,180 , 1k-5k ,1.6k ,42 ,35 
Ebix Software India,IT Services & Consulting ,Public,Hyderabad / Secunderabad , 3.3,48,30,489 , 1k-5k ,4.8k ,24 ,33 
Agility E Services,IT Services & Consulting ,Public,, 3.6,17,,123 , 51-200 ,1.3k ,6 ,-- 
CallHealth,Healthcare ,Startup,Hyderabad / Secunderabad , 3.7,11,15,180 , 51-200 ,865 ,2 ,-- 
Vertiv,IT Services & Consulting ,,Gurgaon / Gurugram , 4.0,8,46,685 , 51-200 ,3.2k ,40 ,91 
Locuz Enterprise Solutions,IT Services & Consulting ,Public,Hyderabad / Secunderabad , 4.2,25,12,172 , 501-1k ,1.3k ,13 ,-- 
Intuit,IT Services & Consulting ,Forbes Global 2000,Bangalore / Bengaluru , 3.7,19,9,138 , 1k-5k ,2.2k ,54 ,-- 
NEC,IT Services & Consulting ,Forbes Global 2000,Bangalore / Bengaluru , 4.6,125,41,1.1k , 5k-10k ,3.8k ,43 ,-- 
Olympus,Healthcare ,Forbes Global 2000,Gurgaon / Gurugram , 4.0,14,20,166 , 201-500 ,945 ,5 ,-- 
VOIZ,BPO ,Startup,Bangalore / Bengaluru , 4.4,2,18,216 , 201-500 ,129 ,18 ,-- 
Bharat Sanchar Nigam,Telecom ,Central,Bangalore / Bengaluru , 4.0,24,210,843 , 50k-1 Lakh ,2.7k ,31 ,-- 
Progressive Infotech,IT Services & Consulting ,Forbes Global 2000,Gurgaon / Gurugram , 3.5,26,55,562 , 1k-5k ,2.8k ,31 ,-- 
Autodesk,Software Product ,Public,Bangalore / Bengaluru , 4.3,42,21,184 , 1k-5k ,2k ,27 ,-- 
Net Access India,IT Services & Consulting ,Public,Chennai, 4.0,27,25,145 , 201-500 ,1.1k ,13 ,-- 
Tietoevry,IT Services & Consulting ,Public,Bangalore / Bengaluru , 4.3,56,10,984 , 1k-5k ,9k ,68 ,41 
Money View,Financial Services ,Startup,Bangalore / Bengaluru , 4.4,10,14,142 , 51-200 ,1k ,20 ,-- 
Yethi Consulting,IT Services & Consulting ,Startup,Bangalore / Bengaluru , 3.3,11,11,190 , 501-1k ,2k ,28 ,-- 
Izmo,IT Services & Consulting ,Public,Bangalore / Bengaluru , 3.8,29,5,147 , 51-200 ,745 ,8 ,-- 
Rimini Street,IT Services & Consulting ,Public,Hyderabad / Secunderabad , 4.0,12,1,115 , 501-1k ,711 ,4 ,-- 
Yalamanchili Software Exports,Software Product ,Public,Chennai, 3.4,23,12,272 , 51-200 ,1.3k ,12 ,-- 
Junglee Games,IT Services & Consulting ,Startup,Gurgaon / Gurugram , 3.3,12,7,120 , 201-500 ,1.1k ,20 ,-- 
Cytecare Cancer Hospital,Healthcare ,Startup,Bangalore / Bengaluru , 4.7,10,2,122 , 201-500 ,442 ,6 ,-- 
Edelweiss,Financial Services ,Public,Bangalore / Bengaluru , 3.8,7,108,1k , 1k-5k ,7.5k ,55 ,-- 
Cytecare Cancer Hospital,Healthcare ,Startup,Bangalore / Bengaluru , 4.7,10,2,122 , 201-500 ,442 ,6 ,-- 
HDFC Securities,Financial Services ,Public,Bangalore / Bengaluru , 3.7,24,161,1.2k , 1k-5k ,5.5k ,92 ,-- 
Fresenius Medical Care,Healthcare ,Public,Gurgaon / Gurugram , 3.9,28,31,198 , 201-500 ,823 ,12 ,-- 
DataTracks,Financial Services ,Public,Chennai, 3.5,19,3,113 , 201-500 ,1k ,9 ,17 
PNB Housing Finance,Financial Services ,Public,Bangalore / Bengaluru , 3.8,36,115,894 , 1k-5k ,4.1k ,37 ,-- 
Amrutanjan Health Care,Pharma ,Public,Chennai, 3.8,131,36,194 , 1k-5k ,572 ,13 ,-- 
Agilent Technologies,Pharma ,Forbes Global 2000,Gurgaon / Gurugram , 4.3,25,17,287 , 1k-5k ,1.7k ,17 ,-- 
Orchid Pharma,Pharma ,Public,Chennai, 3.8,32,5,148 , 1k-5k ,845 ,9 ,-- 
Saksoft,IT Services & Consulting ,Public,Chennai, 3.7,25,14,289 , 1k-5k ,2.8k ,27 ,-- 
Avantha Technologies,IT Services & Consulting ,Public,Gurgaon / Gurugram , 3.4,20,7,129 , 201-500 ,798 ,9 ,-- 
ICE Data Services,Financial Services ,Public,Hyderabad / Secunderabad , 3.2,24,3,100 , 501-1k ,845 ,19 ,6 
Gameskraft,Software Product ,Startup,Bangalore / Bengaluru , 3.7,7,1,100 , 501-1k ,970 ,11 ,-- 
Indiafilings,Financial Services ,,Chennai, 3.0,11,10,161 , 501-1k ,824 ,15 ,-- 
Caplin Point Laboratories,Pharma ,Public,Chennai, 4.0,34,5,155 , 501-1k ,1.2k ,11 ,-- 
Sami-Sabinsa Group,Pharma ,Public,Bangalore / Bengaluru , 3.2,27,8,146 , 501-1k ,993 ,11 ,-- 
Mold-Tek Technologies,IT Services & Consulting ,Public,Hyderabad / Secunderabad , 3.6,38,6,147 , 1k-5k ,916 ,9 ,-- 
One Trust,Software Product ,Startup,Bangalore / Bengaluru , 2.9,8,3,107 , 201-500 ,866 ,10 ,45 
Toyota Financial Services,Financial Services ,Public,Bangalore / Bengaluru , 3.7,41,32,162 , 201-500 ,796 ,9 ,-- 
Glenmark Pharmaceuticals,Pharma ,Public,Hyderabad / Secunderabad , 4.0,47,142,2.5k , 10k-50k ,11.2k ,117 ,98 
HP Global e-Business Operations,BPO ,Public,Bangalore / Bengaluru , 4.2,85,4,114 , 1-10 ,685 ,7 ,-- 
Aster Cmi Hospital,Healthcare ,Public,Bangalore / Bengaluru , 4.0,37,4,121 , 201-500 ,531 ,6 ,-- 
Alkem Laboratories,Pharma ,Public,Hyderabad / Secunderabad , 4.0,51,165,2.6k , 10k-50k ,9k ,129 ,-- 
Intense Technologies,IT Services & Consulting ,Public,Hyderabad / Secunderabad , 4.1,34,12,123 , 501-1k ,1.2k ,8 ,-- 
Bharti Infratel,Telecom ,Public,Gurgaon / Gurugram , 4.3,18,67,513 , 1k-5k ,1.6k ,4 ,-- 
Suven Life Sciences,Pharma ,Public,Hyderabad / Secunderabad , 3.6,35,6,126 , 51-200 ,672 ,3 ,-- 
Anunta Technology Management Services,IT Services & Consulting ,Startup,Chennai, 3.6,12,14,240 , 501-1k ,1.7k ,22 ,-- 
NSE.IT,IT Services & Consulting ,Public,Chennai, 3.6,25,136,1k , 1k-5k ,5.8k ,104 ,-- 
Lupin,Pharma ,Public,Bangalore / Bengaluru , 4.1,56,171,5.5k , 1k-5k ,22.3k ,288 ,193 
Vasudha Pharma Chem,Pharma ,Public,Hyderabad / Secunderabad , 3.7,29,7,426 , 1k-5k ,2.1k ,24 ,-- 
TELUS International Philippines,IT Services & Consulting ,Startup,Bangalore / Bengaluru , 3.8,19,16,955 , 1k-5k ,7.4k ,75 ,43 
Aptonline,IT Services & Consulting ,Public,Hyderabad / Secunderabad , 4.0,22,5,117 , 201-500 ,939 ,4 ,-- 
Nineleaps Technology Solutions,IT Services & Consulting ,Startup,Bangalore / Bengaluru , 3.7,10,2,99 , 201-500 ,1.1k ,23 ,-- 
NortonLifeLock's,IT Services & Consulting ,Forbes Global 2000,Chennai, 4.1,42,6,203 , 501-1k ,2.1k ,16 ,19 
Wolters Kluwer,IT Services & Consulting ,Forbes Global 2000,Chennai, 3.8,188,13,384 , 1k-5k ,3.8k ,65 ,-- 
Virtusa Software Services,IT Services & Consulting ,Public,Chennai, 3.9,28,7,110 , 5k-10k ,1.6k ,25 ,-- 
Happay,Software Product ,Startup,Bangalore / Bengaluru , 3.5,12,4,88 , 201-500 ,718 ,3 ,-- 
F5 Networks,IT Services & Consulting ,Public,Hyderabad / Secunderabad , 4.1,28,4,88 , 501-1k ,1.2k ,17 ,40 
STANPLUS TECHNOLOGIES,Healthcare ,Startup,Hyderabad / Secunderabad , 3.3,8,19,137 , 11-50 ,493 ,14 ,-- 
Xoxoday,Software Product ,Startup,Bangalore / Bengaluru , 3.7,12,7,97 , 51-200 ,677 ,7 ,-- 
Solara Active Pharma Sciences,Pharma ,Public,Chennai, 3.7,6,15,409 , 1k-5k ,2.7k ,34 ,-- 
American Tower Corporation,Telecom ,Forbes Global 2000,Gurgaon / Gurugram , 3.9,29,38,195 , 501-1k ,1.1k ,5 ,-- 
Fisdom,Financial Services ,Startup,Bangalore / Bengaluru , 3.8,9,28,166 , 501-1k ,719 ,14 ,-- 
Thales,IT Services & Consulting ,Forbes Global 2000,Bangalore / Bengaluru , 3.8,24,16,308 , 1k-5k ,2.9k ,33 ,-- 
Telstra,Telecom ,Forbes Global 2000,Bangalore / Bengaluru , 4.3,32,8,156 , 1k-5k ,1.8k ,31 ,-- 
Black Box Corporation,IT Services & Consulting ,Fortune India 500,Bangalore / Bengaluru , 3.2,48,16,140 , 1k-5k ,1.1k ,15 ,45 
Alcatel-Lucent,Telecom ,Public,Bangalore / Bengaluru , 4.2,32,22,142 , 201-500 ,624 ,6 ,-- 
Telenor,Telecom ,Forbes Global 2000,Hyderabad / Secunderabad , 4.5,15,113,527 , 501-1k ,695 ,6 ,-- 
Novopay Solutions,Software Product ,Startup,Bangalore / Bengaluru , 3.6,10,19,109 , 201-500 ,760 ,11 ,37 
Cardinal Health,Healthcare ,Forbes Global 2000,Bangalore / Bengaluru , 3.7,30,8,95 , 1k-5k ,874 ,11 ,-- 
Zydus Lifesciences,Pharma ,Public,Hyderabad / Secunderabad , 4.2,72,156,5.4k , 10k-50k ,18.2k ,263 ,-- 
Quotient Technology,IT Services & Consulting ,Public,Bangalore / Bengaluru , 4.2,26,2,86 , 201-500 ,702 ,10 ,-- 
Motorola Solutions,Telecom ,Forbes Global 2000,Bangalore / Bengaluru , 4.0,25,7,95 , 1k-5k ,1.1k ,17 ,-- 
C-Square Info Solutions,IT Services & Consulting ,Public,Bangalore / Bengaluru , 3.7,22,11,109 , 201-500 ,617 ,5 ,-- 
Blackbuck Insights,IT Services & Consulting ,Startup,Bangalore / Bengaluru , 4.0,8,7,118 , 201-500 ,468 ,13 ,-- 
Zopsmart Technology,Software Product ,Startup,Bangalore / Bengaluru , 3.1,10,7,94 , 201-500 ,787 ,27 ,20 
Allergan,Healthcare ,Forbes Global 2000,Bangalore / Bengaluru , 3.8,11,23,140 , 1k-5k ,629 ,5 ,-- 
yellow.ai,Software Product ,Startup,Bangalore / Bengaluru , 3.4,8,3,107 , 501-1k ,1.2k ,11 ,-- 
Niyo Solutions,Financial Services ,Startup,Bangalore / Bengaluru , 3.3,9,12,98 , 201-500 ,915 ,4 ,-- 
Shipsy,Software Product ,Startup,Gurgaon / Gurugram , 3.9,9,4,90 , 201-500 ,541 ,6 ,-- 
Axio,Financial Services ,Startup,Bangalore / Bengaluru , 3.7,11,17,162 , 501-1k ,928 ,6 ,-- 
Relyon Softech,Software Product ,Public,Bangalore / Bengaluru , 4.0,23,15,132 , 501-1k ,909 ,9 ,-- 
TTEC India,BPO ,Public,Hyderabad / Secunderabad , 3.8,40,23,1.1k , 1k-5k ,4.2k ,111 ,-- 
CoinSwitch,Financial Services ,Indian Unicorn,Bangalore / Bengaluru , 3.2,7,2,81 , 501-1k ,628 ,9 ,14 
ekincare,Healthcare ,Startup,Hyderabad / Secunderabad , 2.8,10,5,83 , 201-500 ,521 ,8 ,-- 
ICRA,Financial Services ,Public,Gurgaon / Gurugram , 3.1,33,14,229 , 201-500 ,1.6k ,16 ,-- 
Tanla Platforms,Software Product ,Public,Hyderabad / Secunderabad , 3.5,25,5,83 , 501-1k ,943 ,8 ,-- 
Elektrobit India,IT Services & Consulting ,Public,Bangalore / Bengaluru , 3.9,36,1,81 , 501-1k ,816 ,11 ,-- 
DCM Infotech,IT Services & Consulting ,Public,Gurgaon / Gurugram , 3.8,31,11,99 , 51-200 ,710 ,3 ,32 
Factspan,IT Services & Consulting ,Startup,Bangalore / Bengaluru , 3.4,12,2,75 , 201-500 ,603 ,8 ,-- 
PTC,Software Product ,Public,Gurgaon / Gurugram , 4.2,39,39,439 , 1k-5k ,3.6k ,50 ,-- 
BlueBinaries Engineering and Solutions,Software Product ,Startup,Chennai, 3.3,7,5,94 , 501-1k ,854 ,15 ,-- 
Zimyo,IT Services & Consulting ,Startup,Gurgaon / Gurugram , 4.6,6,3,69 , 51-200 ,311 ,1 ,-- 
NTT Global Networks,IT Services & Consulting ,Public,Bangalore / Bengaluru , 4.1,5,25,250 , 501-1k ,2.1k ,22 ,11 
Unicommerce Esolutions,Software Product ,Startup,Gurgaon / Gurugram , 3.5,12,2,80 , 201-500 ,714 ,15 ,-- 
Dish Network,Telecom ,Public,Bangalore / Bengaluru , 3.7,44,5,68 , 1k-5k ,646 ,16 ,-- 
Karvy Innotech,IT Services & Consulting ,Public,Hyderabad / Secunderabad , 3.2,12,39,301 , 501-1k ,2.2k ,21 ,-- 
Chqbook.com,Financial Services ,Startup,Gurgaon / Gurugram , 3.3,7,11,91 , 51-200 ,462 ,6 ,-- 
Pharmed,Pharma ,,Bangalore / Bengaluru , 4.3,,29,118 ,,610 ,5 ,-- 
Twin Health,Healthcare ,Startup,Chennai, 3.3,6,8,88 , 201-500 ,457 ,6 ,25 
Zebra Technologies,IT Services & Consulting ,Forbes Global 2000,Bangalore / Bengaluru , 4.0,55,8,113 , 51-200 ,1.4k ,13 ,-- 
Pagarbook,Software Product ,Startup,Bangalore / Bengaluru , 4.1,5,23,128 , 51-200 ,553 ,9 ,11 
Signzy Technologies,Software Product ,Startup,Bangalore / Bengaluru , 2.9,9,7,88 , 51-200 ,610 ,16 ,-- 
Genesys International Corporation,IT Services & Consulting ,Public,Hyderabad / Secunderabad , 3.8,29,14,469 , 1k-5k ,2.7k ,19 ,-- 
Nxtgen Datacenter Cloud Technologies,IT Services & Consulting ,Startup,Bangalore / Bengaluru , 3.4,12,5,88 , 201-500 ,675 ,7 ,-- 
ITILITE,Software Product ,Startup,Bangalore / Bengaluru , 3.0,7,6,78 , 51-200 ,681 ,9 ,-- 
Oxyzo Financial Services,Financial Services ,Indian Unicorn,Gurgaon / Gurugram , 3.9,8,11,80 , 201-500 ,580 ,3 ,10 
GSS Infotech,IT Services & Consulting ,Public,Hyderabad / Secunderabad , 4.0,25,7,74 , 51-200 ,714 ,1 ,-- 
Agilisium,IT Services & Consulting ,Startup,, 3.4,10,,61 , 201-500 ,694 ,6 ,23 
Harness,Software Product ,Startup,Bangalore / Bengaluru , 4.2,8,6,87 , 201-500 ,207 ,3 ,-- 
Cadence Design Systems,IT Services & Consulting ,Public,Bangalore / Bengaluru , 4.2,36,14,238 , 1k-5k ,2.2k ,50 ,80 
Amvotech Solutions,IT Services & Consulting ,Startup,, 3.6,6,,62 , 201-500 ,270 ,7 ,-- 
NASDAQ,Financial Services ,Forbes Global 2000,Bangalore / Bengaluru , 3.9,11,6,71 , 201-500 ,821 ,14 ,-- 
Sigachi Industries,Pharma ,Public,Hyderabad / Secunderabad , 3.9,35,11,143 , 201-500 ,844 ,10 ,-- 
VAYA Finserv,Financial Services ,Startup,Hyderabad / Secunderabad , 4.0,10,43,173 , 1k-5k ,562 ,10 ,-- 
Columbus Global,IT Services & Consulting ,Public,Hyderabad / Secunderabad , 4.1,35,1,58 , 201-500 ,543 ,3 ,-- 
Cresce Technology Private Limited,Software Product ,Startup,Gurgaon / Gurugram , 3.1,3,2,66 , 51-200 ,110 ,5 ,23 
Brimma Tech,IT Services & Consulting ,Startup,, 4.9,8,,56 , 51-200 ,55 ,1 ,-- 
Optimus Global Services,BPO ,Public,Hyderabad / Secunderabad , 3.8,22,5,67 , 51-200 ,763 ,2 ,-- 
SMS Pharmaceuticals,Pharma ,Public,Hyderabad / Secunderabad , 3.7,34,4,141 , 501-1k ,757 ,10 ,-- 
AdvantageClub.ai,Software Product ,Startup,Gurgaon / Gurugram , 4.0,8,2,54 , 201-500 ,264 ,10 ,-- 
AdvantageClub.ai,Software Product ,Startup,Gurgaon / Gurugram , 4.0,8,2,54 , 201-500 ,264 ,10 ,-- 
FloBiz,IT Services & Consulting ,Startup,Bangalore / Bengaluru , 3.4,5,24,111 , 51-200 ,568 ,18 ,-- 
Shriram Housing Finance,Financial Services ,Public,Hyderabad / Secunderabad , 4.0,14,121,467 , 501-1k ,1.9k ,35 ,-- 
Intas Pharmaceuticals,Pharma ,Fortune India 500,Bangalore / Bengaluru , 4.2,47,116,3k , 10k-50k ,15.2k ,171 ,39 
Flixstock,Software Product ,Startup,Gurgaon / Gurugram , 3.3,9,1,96 , 51-200 ,319 ,2 ,-- 
Arth Design Build,Software Product ,Startup,Hyderabad / Secunderabad , 4.5,10,2,61 , 51-200 ,423 ,2 ,-- 
CDW,IT Services & Consulting ,Forbes Global 2000,Chennai, 4.4,40,3,57 , 501-1k ,767 ,17 ,-- 
AlgoShack,Software Product ,Startup,Bangalore / Bengaluru , 4.1,6,1,57 , 51-200 ,267 ,7 ,-- 
Kuliza Technologies,Software Product ,Startup,Bangalore / Bengaluru , 2.6,6,3,66 , 201-500 ,697 ,11 ,-- 
Affle,IT Services & Consulting ,Public,Gurgaon / Gurugram , 3.0,30,3,61 , 201-500 ,685 ,2 ,-- 
Apollo Clinic,Healthcare ,Public,Bangalore / Bengaluru , 3.9,22,34,223 , 201-500 ,932 ,10 ,-- 
Balance Hero India,Financial Services ,Startup,Gurgaon / Gurugram , 3.7,10,5,61 , 51-200 ,496 ,6 ,-- 
Adrenalin Esystems,Software Product ,Public,Chennai, 3.7,22,5,57 , 201-500 ,808 ,1 ,-- 
Palo Alto Networks,IT Services & Consulting ,Public,Bangalore / Bengaluru , 3.8,19,8,75 , 1k-5k ,972 ,15 ,-- 
Zaigo Infotech,IT Services & Consulting ,Startup,Chennai, 4.3,9,1,52 , 51-200 ,147 ,2 ,-- 
Tata Insights and Quants,IT Services & Consulting ,,Bangalore / Bengaluru , 2.9,9,4,63 , 51-200 ,340 ,7 ,-- 
Goldstone Technologies,IT Services & Consulting ,Public,Hyderabad / Secunderabad , 3.5,30,4,59 , 51-200 ,501 ,2 ,-- 
Torrent Pharmaceuticals,Pharma ,Public,Hyderabad / Secunderabad , 3.9,53,101,2.2k , 10k-50k ,10.1k ,103 ,-- 
Bristol-Myers Squibb,Pharma ,Forbes Global 2000,Bangalore / Bengaluru , 4.3,137,14,86 , 201-500 ,586 ,8 ,-- 
Ricoh,IT Services & Consulting ,Public,Bangalore / Bengaluru , 3.9,88,42,243 , 1-10 ,942 ,6 ,-- 
Tata Insights and Quants,IT Services & Consulting ,,Bangalore / Bengaluru , 2.9,9,4,63 , 51-200 ,340 ,7 ,-- 
Mojocare,Healthcare ,Startup,Bangalore / Bengaluru , 3.8,4,2,67 , 11-50 ,254 ,1 ,-- 
Bi3 Technologies,IT Services & Consulting ,Startup,, 4.4,7,,49 , 51-200 ,31 ,3 ,-- 
Smarter BIZ Technologies,IT Services & Consulting ,Startup,Bangalore / Bengaluru , 3.1,10,13,118 , 51-200 ,347 ,14 ,-- 
TechChefs Software,IT Services & Consulting ,Startup,Bangalore / Bengaluru , 4.1,9,3,59 , 51-200 ,596 ,4 ,-- 
USV,Pharma ,Fortune India 500,Bangalore / Bengaluru , 4.1,63,92,1.3k , 1k-5k ,5.1k ,66 ,-- 
Wockhardt,Pharma ,Public,Hyderabad / Secunderabad , 3.9,25,77,1.3k , 5k-10k ,4.5k ,43 ,-- 
Nuance Communications,Software Product ,Public,Bangalore / Bengaluru , 4.3,32,13,212 , 1k-5k ,1.8k ,21 ,-- 
Nippon Life India Asset Management,Financial Services ,Public,Bangalore / Bengaluru , 4.7,29,157,567 , 1k-5k ,1.4k ,17 ,-- 
Leena AI,Software Product ,Startup,Gurgaon / Gurugram , 3.4,9,5,98 , 201-500 ,448 ,11 ,18 
MoneyTap,Financial Services ,Startup,Bangalore / Bengaluru , 3.6,9,10,61 , 51-200 ,382 ,1 ,-- 
Emcure Pharmaceuticals,Pharma ,Fortune India 500,Hyderabad / Secunderabad , 3.8,43,97,1.7k , 5k-10k ,8k ,91 ,-- 
Applicate,Financial Services ,Startup,Gurgaon / Gurugram , 2.6,10,3,50 , 11-50 ,282 ,3 ,-- 
Equifax,IT Services & Consulting ,Public,Bangalore / Bengaluru , 3.5,14,10,134 , 201-500 ,1.3k ,19 ,51 
RUBRIK INDIA,Software Product ,Startup,Bangalore / Bengaluru , 3.8,10,2,54 , 501-1k ,725 ,8 ,-- 
EMIS Health,Software Product ,Public,Chennai, 4.3,37,1,46 , 201-500 ,776 ,5 ,-- 
KredX,Financial Services ,Startup,Bangalore / Bengaluru , 3.4,9,3,58 , 51-200 ,490 ,6 ,26 
You Broadband,Telecom ,Public,Hyderabad / Secunderabad , 3.7,23,28,272 , 1k-5k ,1.1k ,9 ,-- 
Experian,IT Services & Consulting ,Forbes Global 2000,Hyderabad / Secunderabad , 3.7,18,4,84 , 201-500 ,1.2k ,12 ,168 
Bhagwan Mahaveer Jain Hospital,Healthcare ,Public,Bangalore / Bengaluru , 3.5,49,4,67 , 51-200 ,306 ,1 ,-- 
TerraCIS Technologies,IT Services & Consulting ,Public,Gurgaon / Gurugram , 3.6,31,34,151 , 1k-5k ,622 ,8 ,-- 
Avataar.Me,Software Product ,Startup,Bangalore / Bengaluru , 3.6,10,6,53 , 201-500 ,175 ,4 ,7 
Megasoft,IT Services & Consulting ,Public,Hyderabad / Secunderabad , 3.7,30,7,55 , 51-200 ,450 ,2 ,-- 
CureLink,Healthcare ,Startup,Gurgaon / Gurugram , 3.8,3,5,48 , 51-200 ,86 ,2 ,-- 
FYERS Securities,Financial Services ,Startup,Bangalore / Bengaluru , 4.0,9,2,51 , 201-500 ,464 ,4 ,-- 
IDBI Intech Limited,IT Services & Consulting ,Public,Hyderabad / Secunderabad , 3.8,24,24,396 , 1k-5k ,2.6k ,33 ,-- 
Healthcare At Home,Healthcare ,Startup,Bangalore / Bengaluru , 3.7,12,27,277 , 1k-5k ,1.2k ,19 ,16 
CME Group,Financial Services ,Forbes Global 2000,Bangalore / Bengaluru , 4.3,176,3,52 , 201-500 ,643 ,9 ,-- 
MongoDB,Software Product ,Public,Gurgaon / Gurugram , 4.3,17,4,56 , 501-1k ,632 ,14 ,-- 
Fortis Malar Hospital,Healthcare ,Public,Chennai, 3.9,28,4,54 , 201-500 ,265 ,2 ,-- 
JM Financial,Financial Services ,Public,Bangalore / Bengaluru , 3.8,40,59,477 , 1k-5k ,3.5k ,31 ,-- 
Religare,Financial Services ,Public,Chennai, 3.8,40,91,546 , 1k-5k ,2.4k ,20 ,-- 
Sigma Infosolutions,IT Services & Consulting ,Public,Bangalore / Bengaluru , 3.4,20,6,70 , 201-500 ,657 ,3 ,-- 
Accel Limited,IT Services & Consulting ,Public,Chennai, 3.9,33,28,97 , 1k-5k ,684 ,7 ,-- 
AGC Networks,IT Services & Consulting ,Public,Gurgaon / Gurugram , 3.5,38,13,109 , 501-1k ,796 ,4 ,-- 
Bharat IT Services,IT Services & Consulting ,Public,Hyderabad / Secunderabad , 3.3,28,43,244 , 501-1k ,924 ,11 ,-- 
Barclays Global Service Centre,IT Services & Consulting ,Fortune India 500,Chennai, 3.9,17,6,108 , 201-500 ,6.7k ,68 ,-- 
Hevo Data,Software Product ,Startup,Bangalore / Bengaluru , 3.8,7,2,46 , 201-500 ,412 ,15 ,29 
SugarFit,Healthcare ,Startup,Bangalore / Bengaluru , 3.6,3,1,67 , 201-500 ,172 ,11 ,-- 
Acer India,IT Services & Consulting ,Public,Bangalore / Bengaluru , 4.2,48,31,136 , 51-200 ,723 ,5 ,-- 
Sarvotham Care,Pharma ,Public,Hyderabad / Secunderabad , 4.1,28,7,69 , 51-200 ,359 ,6 ,-- 
ITSource Technologies,IT Services & Consulting ,Public,Hyderabad / Secunderabad , 3.0,26,28,334 , 201-500 ,2.3k ,26 ,-- 
Acer India,IT Services & Consulting ,Public,Bangalore / Bengaluru , 4.2,48,31,136 , 51-200 ,723 ,5 ,-- 
Ipca Laboratories,Pharma ,Public,Hyderabad / Secunderabad , 4.0,75,131,2.5k , 10k-50k ,11k ,139 ,-- 
Thyrocare Technologies,Healthcare ,Public,Hyderabad / Secunderabad , 3.6,28,62,866 , 1k-5k ,4.1k ,57 ,-- 
Deutsche Telekom,Telecom ,,Gurgaon / Gurugram , 3.9,11,6,98 , 10k-50k ,1.2k ,12 ,-- 
Emerson Electric Co.,IT Services & Consulting ,Public,Chennai, 4.2,134,24,390 , 5k-10k ,3.1k ,43 ,170 
HALODOC,Software Product ,Startup,Bangalore / Bengaluru , 2.8,8,2,42 , 51-200 ,341 ,9 ,-- 
sysotel.ai,Software Product ,Startup,Bangalore / Bengaluru , 2.3,3,1,48 , 11-50 ,17 ,-- ,-- 
Dbs Mintek,Financial Services ,Forbes Global 2000,Hyderabad / Secunderabad , 3.6,16,16,179 , 1k-5k ,1.3k ,13 ,-- 
Rolta India,IT Services & Consulting ,Public,Gurgaon / Gurugram , 2.8,35,11,213 , 501-1k ,1.2k ,2 ,-- 
Srei Equipment Finance,Financial Services ,Public,Hyderabad / Secunderabad , 4.4,35,75,330 , 1k-5k ,1.2k ,9 ,-- 
Bafna Pharmaceuticals,Pharma ,Public,Chennai, 4.0,43,2,54 , 51-200 ,403 ,5 ,-- 
MapleLabs,Software Product ,Startup,Bangalore / Bengaluru , 4.0,10,2,42 , 201-500 ,424 ,12 ,4 
Tricog Health Services,Financial Services ,Startup,Bangalore / Bengaluru , 3.3,9,7,50 , 11-50 ,385 ,4 ,-- 
CareEdge Ratings,Financial Services ,Public,Chennai, 2.9,31,18,247 , 501-1k ,1.7k ,15 ,-- 
Atlassian,Software Product ,Forbes Global 2000,Bangalore / Bengaluru , 3.8,22,6,99 , 501-1k ,2.4k ,55 ,-- 
Verisk Analytics,IT Services & Consulting ,Forbes Global 2000,Hyderabad / Secunderabad , 3.9,53,3,40 , 501-1k ,469 ,8 ,44 
Mad Street Den,IT Services & Consulting ,Startup,, 3.7,11,,40 , 11-50 ,359 ,9 ,-- 
Dhwani Rural Information Systems,IT Services & Consulting ,Startup,Gurgaon / Gurugram , 4.0,,1,46 , 51-200 ,338 ,8 ,-- 
Cadila Pharmaceuticals,Pharma ,Public,Bangalore / Bengaluru , 3.6,73,116,1.7k , 5k-10k ,6.9k ,95 ,-- 
XTGlobal,IT Services & Consulting ,Public,Hyderabad / Secunderabad , 4.3,26,2,61 , 501-1k ,705 ,5 ,8 
AntWorks,Software Product ,Startup,Chennai, 3.0,9,5,47 , 51-200 ,687 ,1 ,-- 
Draup,IT Services & Consulting ,Startup,Bangalore / Bengaluru , 3.7,7,6,79 , 501-1k ,737 ,11 ,10 
Fastenal,IT Services & Consulting ,Forbes Global 2000,, 3.3,11,,38 , 201-500 ,557 ,4 ,-- 
Orient Technologies,IT Services & Consulting ,Forbes Global 2000,Chennai, 3.9,32,43,456 , 1k-5k ,2.8k ,18 ,-- 
Eris Lifesciences,Pharma ,Public,Bangalore / Bengaluru , 3.8,17,76,584 , 1k-5k ,2.1k ,29 ,-- 
Vasista Enterprise Solutions,Financial Services ,Startup,Hyderabad / Secunderabad , 3.7,11,1,42 , 51-200 ,235 ,2 ,-- 
Unique Biotech,Pharma ,Public,Hyderabad / Secunderabad , 3.6,23,2,46 , 51-200 ,356 ,2 ,-- 
Prathigna.com HR Solutions,IT Services & Consulting ,Startup,Bangalore / Bengaluru , 1.9,9,4,50 , 51-200 ,207 ,1 ,9 
Morepen Laboratories,Pharma ,Public,Gurgaon / Gurugram , 4.0,40,36,334 , 1k-5k ,1.5k ,15 ,-- 
Hartron Communication,Telecom ,Public,Gurgaon / Gurugram , 3.7,26,4,42 , 201-500 ,251 ,2 ,-- 
Deskera,IT Services & Consulting ,Public,Bangalore / Bengaluru , 3.6,16,4,62 , 51-200 ,298 ,5 ,-- 
Healofy,Healthcare ,Startup,Bangalore / Bengaluru , 2.6,8,2,46 , 201-500 ,311 ,2 ,-- 
National Stock Exchange of India,Financial Services ,Fortune India 500,Chennai, 3.6,32,31,348 , 1k-5k ,3.4k ,34 ,-- 
Stock Holding Corporation of India,Financial Services ,Public,Hyderabad / Secunderabad , 3.5,38,91,420 , 201-500 ,1.7k ,23 ,-- 
UTI Technology Services,IT Services & Consulting ,Public,Hyderabad / Secunderabad , 3.8,31,18,106 , 1k-5k ,491 ,3 ,-- 
Fulcrum Global Info Services,BPO ,,, 3.7,14,,35 , 51-200 ,237 ,1 ,-- 
Feuji,Financial Services ,,, 2.1,10,,34 , 11-50 ,168 ,7 ,-- 
Avanse Financial Services,Financial Services ,Startup,Hyderabad / Secunderabad , 4.0,12,23,181 , 501-1k ,1.2k ,21 ,-- 
Eze Software,IT Services & Consulting ,Public,, 3.7,29,,37 , 51-200 ,485 ,3 ,77 
Karomi Technology,Software Product ,Startup,, 3.8,25,,37 , 51-200 ,285 ,3 ,-- 
Innovaccer,Software Product ,Indian Unicorn,Bangalore / Bengaluru , 3.1,10,5,289 , 1k-5k ,2.6k ,49 ,-- 
Karnataka Antibiotics & Pharmaceuticals,Pharma ,Central,Bangalore / Bengaluru , 3.7,40,8,44 , 501-1k ,252 ,3 ,-- 
TestVagrant,IT Services & Consulting ,Startup,Bangalore / Bengaluru , 3.5,10,2,39 , 51-200 ,284 ,10 ,-- 
Allied Digital Services,IT Services & Consulting ,Public,Bangalore / Bengaluru , 3.5,29,47,473 , 1k-5k ,2.6k ,35 ,-- 
QuickRide,Software Product ,Startup,Bangalore / Bengaluru , 2.7,10,8,48 , 11-50 ,342 ,5 ,-- 
Macleods Pharmaceuticals,Pharma ,Public,Hyderabad / Secunderabad , 3.8,38,99,2.9k , 10k-50k ,14k ,165 ,-- 
Zylog Systems,IT Services & Consulting ,Public,Chennai, 4.0,29,3,36 , 501-1k ,149 ,-- ,-- 
LOCUS,Software Product ,Startup,Bangalore / Bengaluru , 3.3,10,4,39 , 51-200 ,464 ,3 ,-- 
Goodera,Software Product ,Startup,Bangalore / Bengaluru , 3.1,10,5,49 , 51-200 ,490 ,6 ,-- 
Cyber Vision Infotech,Software Product ,Startup,Gurgaon / Gurugram , 4.1,,1,40 , 11-50 ,91 ,-- ,-- 
Coffeebeans Consulting,IT Services & Consulting ,Startup,Bangalore / Bengaluru , 4.1,7,1,35 , 51-200 ,266 ,9 ,8 
Fourkites,Software Product ,Startup,Chennai, 3.8,10,3,49 , 201-500 ,492 ,12 ,17 
Ajanta Pharma,Pharma ,Public,Hyderabad / Secunderabad , 4.1,51,97,1.8k , 5k-10k ,8.2k ,96 ,-- 
Softsol,IT Services & Consulting ,Public,Hyderabad / Secunderabad , 3.4,31,2,37 , 51-200 ,409 ,2 ,-- 
Viasat,Telecom ,Public,Chennai, 3.3,38,1,31 , 201-500 ,318 ,9 ,-- 
Ceridian,IT Services & Consulting ,Public,Bangalore / Bengaluru , 4.0,12,3,47 , 201-500 ,480 ,4 ,-- 
Orahi,IT Services & Consulting ,Startup,, 3.9,12,,32 , 51-200 ,93 ,3 ,-- 
Lavelle Networks,IT Services & Consulting ,Startup,Bangalore / Bengaluru , 4.0,9,4,36 , 51-200 ,195 ,1 ,-- 
Lavelle Networks,IT Services & Consulting ,Startup,Bangalore / Bengaluru , 4.0,9,4,36 , 51-200 ,195 ,1 ,-- 
Springworks,Software Product ,Startup,Bangalore / Bengaluru , 4.5,10,5,137 , 201-500 ,216 ,18 ,-- 
Procol,Software Product ,Startup,Gurgaon / Gurugram , 3.8,6,2,33 , 11-50 ,158 ,3 ,16 
Willis Towers Watson,Financial Services ,Forbes Global 2000,Gurgaon / Gurugram , 3.9,8,15,710 , 1k-5k ,6.3k ,70 ,-- 
ANSYS,IT Services & Consulting ,Forbes Global 2000,Bangalore / Bengaluru , 3.7,54,5,100 , 501-1k ,889 ,18 ,-- 
Spoors Technology Solutions India,IT Services & Consulting ,Startup,Hyderabad / Secunderabad , 4.2,,2,35 , 51-200 ,228 ,4 ,-- 
QUICK HEAL TECHNOLOGIES,Software Product ,Public,Bangalore / Bengaluru , 3.8,29,43,379 , 1k-5k ,2.6k ,22 ,-- 
Aditya Birla Housing Finance,Financial Services ,Public,Hyderabad / Secunderabad , 3.9,15,64,238 , 1k-5k ,384 ,10 ,-- 
Nxtra Data,IT Services & Consulting ,Public,Chennai, 4.1,11,10,91 , 51-200 ,551 ,8 ,-- 
ART Housing Finance (India),Financial Services ,Public,Gurgaon / Gurugram , 3.9,11,29,111 , 51-200 ,632 ,4 ,-- 
Northern Arc Capital,Financial Services ,Public,Chennai, 3.8,35,19,63 , 201-500 ,550 ,9 ,-- 
SightSpectrum Technology Solutions,IT Services & Consulting ,Startup,Chennai, 3.8,7,3,44 , 501-1k ,135 ,4 ,-- 
Vivriti Capital,Financial Services ,Startup,Chennai, 4.0,7,2,37 , 201-500 ,391 ,8 ,-- 
Yext,Software Product ,Public,, 4.5,18,,30 , 51-200 ,162 ,2 ,-- 
Unique Identification Authority of India,IT Services & Consulting ,Public,Bangalore / Bengaluru , 4.3,15,70,212 , 501-1k ,814 ,8 ,-- 
Palred Online Technologies,IT Services & Consulting ,Public,Hyderabad / Secunderabad , 4.0,25,2,44 , 51-200 ,310 ,-- ,-- 
FDC,Pharma ,Public,Hyderabad / Secunderabad , 4.1,84,100,955 , 5k-10k ,3.3k ,44 ,-- 
YourDOST,Financial Services ,Startup,Bangalore / Bengaluru , 3.4,10,5,40 , 11-50 ,216 ,8 ,24 
Narayana Superspeciality Hospital,Healthcare ,,Gurgaon / Gurugram , 4.2,24,10,98 , 10k-50k ,413 ,5 ,-- 
Get my Parking,IT Services & Consulting ,Startup,Bangalore / Bengaluru , 4.0,10,2,35 , 51-200 ,344 ,6 ,-- 
CRUD Operations Private Limited,Software Product ,Startup,Chennai, 4.8,,1,33 , 11-50 ,194 ,-- ,-- 
Trigyn Technologies,IT Services & Consulting ,Public,Hyderabad / Secunderabad , 3.8,38,12,176 , 501-1k ,1.5k ,17 ,-- 
Religare Finvest,Financial Services ,Public,Bangalore / Bengaluru , 4.4,18,34,210 , 1k-5k ,598 ,3 ,-- 
Sundaram Medical Foundation,Healthcare ,Public,Chennai, 4.8,30,2,37 , 1k-5k ,143 ,-- ,-- 
Workhall,Software Product ,Startup,Chennai, 4.3,3,1,30 , 51-200 ,53 ,1 ,-- 
WeNet Global,IT Services & Consulting ,Startup,Gurgaon / Gurugram , 5.0,2,3,64 , 51-200 ,7 ,1 ,-- 
Wilco Source,IT Services & Consulting ,Startup,Hyderabad / Secunderabad , 4.0,10,2,31 , 11-50 ,295 ,3 ,20 
Vijayasri Organics,Pharma ,Public,Hyderabad / Secunderabad , 4.3,38,2,71 , 201-500 ,397 ,4 ,-- 
Saven Technologies,IT Services & Consulting ,Public,Hyderabad / Secunderabad , 3.7,,2,30 , 51-200 ,382 ,3 ,-- 
Appaswamy Real Estates,Financial Services ,Public,Chennai, 4.2,65,3,41 , 51-200 ,254 ,1 ,-- 
Reliance Capital,Financial Services ,Public,Bangalore / Bengaluru , 3.8,19,80,369 , 1k-5k ,2.2k ,18 ,-- 
Wintac,Pharma ,Public,Bangalore / Bengaluru , 3.6,37,3,38 , 201-500 ,285 ,-- ,-- 
EffiaSoft,IT Services & Consulting ,Startup,, 4.3,12,,30 , 11-50 ,238 ,2 ,-- 
Vajro,Software Product ,Startup,, 3.3,6,,28 , 51-200 ,222 ,3 ,-- 
IDOS INDIA,IT Services & Consulting ,Startup,Bangalore / Bengaluru , 2.6,10,3,40 , 11-50 ,84 ,1 ,-- 
VuNet Systems,Software Product ,Startup,Bangalore / Bengaluru , 3.0,7,5,35 , 51-200 ,267 ,5 ,35 
SMARTe,IT Services & Consulting ,Startup,Gurgaon / Gurugram , 3.6,10,7,104 , 201-500 ,894 ,7 ,-- 
R Systems International,IT Services & Consulting ,Public,Chennai, 3.4,31,15,889 , 1k-5k ,7.1k ,94 ,22 
Pi DATACENTERS,IT Services & Consulting ,Startup,Hyderabad / Secunderabad , 3.7,10,6,67 , 51-200 ,416 ,1 ,-- 
Advanced Structures India,Financial Services ,Startup,Bangalore / Bengaluru , 3.2,10,1,32 , 11-50 ,257 ,4 ,-- 
GE Money,Financial Services ,Public,Gurgaon / Gurugram , 4.8,92,15,47 , 1k-5k ,224 ,1 ,-- 
West Unified Communications Services,IT Services & Consulting ,Public,Bangalore / Bengaluru , 4.3,33,2,40 , 201-500 ,394 ,3 ,-- 
TTEC Digital Analytics India,BPO ,Public,Hyderabad / Secunderabad , 4.0,42,2,39 , 1k-5k ,209 ,8 ,-- 
CoolBoots Media,Software Product ,Startup,Gurgaon / Gurugram , 3.5,8,3,33 , 51-200 ,328 ,3 ,23 
5C Network,Software Product ,Startup,Bangalore / Bengaluru , 3.5,10,1,30 , 51-200 ,173 ,1 ,18 
LimeTray,IT Services & Consulting ,Startup,Gurgaon / Gurugram , 2.7,11,3,31 , 51-200 ,285 ,-- ,-- 
PCS Technology,IT Services & Consulting ,Public,Hyderabad / Secunderabad , 4.5,43,43,156 , 1k-5k ,418 ,3 ,-- 
Geometric,Software Product ,,Bangalore / Bengaluru , 3.3,40,4,54 , 5k-10k ,286 ,8 ,-- 
Credihealth,Healthcare ,Startup,Gurgaon / Gurugram , 2.5,11,2,32 , 51-200 ,229 ,1 ,-- 
J B Chemicals And Pharmaceuticals,Pharma ,Public,Hyderabad / Secunderabad , 3.9,48,70,639 , 1k-5k ,2.6k ,42 ,-- 
Race2cloud Technologies,IT Services & Consulting ,Startup,Bangalore / Bengaluru , 4.1,8,2,27 , 51-200 ,86 ,3 ,-- 
Ventura Securities,Financial Services ,Public,Bangalore / Bengaluru , 4.1,30,42,321 , 501-1k ,1.4k ,26 ,-- 
KDDI,Telecom ,Forbes Global 2000,Gurgaon / Gurugram , 4.4,40,4,39 , 51-200 ,197 ,1 ,-- 
Text Mercato,Financial Services ,Startup,, 2.8,9,,49 , 51-200 ,325 ,5 ,-- 
Data Economy,IT Services & Consulting ,Startup,Hyderabad / Secunderabad , 4.4,,1,38 , 51-200 ,253 ,8 ,33 
Copperpod Digital,IT Services & Consulting ,Startup,Bangalore / Bengaluru , 4.1,2,1,31 , 51-200 ,54 ,9 ,8 
Novulis Global Solutions,IT Services & Consulting ,Startup,Hyderabad / Secunderabad , 4.0,,1,23 , 51-200 ,32 ,1 ,-- 
Bartronics,IT Services & Consulting ,Public,Hyderabad / Secunderabad , 3.0,34,14,50 , 201-500 ,206 ,1 ,-- 
Danaher,Pharma ,Forbes Global 2000,Bangalore / Bengaluru , 4.0,40,11,74 , 1k-5k ,668 ,8 ,-- 
Jeevan Scientific Technology,Healthcare ,Public,Hyderabad / Secunderabad , 3.7,25,4,29 , 51-200 ,218 ,-- ,23 
Mastek,IT Services & Consulting ,Public,Chennai, 3.6,42,18,651 , 1k-5k ,6k ,89 ,-- 
Athena Global Technologies,IT Services & Consulting ,Public,, 3.3,32,,24 , 201-500 ,303 ,-- ,-- 
Shodhana Laboratories,Pharma ,Public,Hyderabad / Secunderabad , 4.0,24,2,40 , 51-200 ,215 ,2 ,-- 
JOVEO,Software Product ,Startup,Bangalore / Bengaluru , 3.4,7,1,27 , 51-200 ,349 ,3 ,23 
Twilio,Software Product ,Public,Bangalore / Bengaluru , 4.0,12,1,73 , 501-1k ,774 ,14 ,37 
PSJ Strategywerks,Software Product ,Startup,, 3.8,4,,22 , 11-50 ,48 ,1 ,-- 
Sunix AI,IT Services & Consulting ,Startup,Bangalore / Bengaluru , 4.6,5,2,38 , 11-50 ,23 ,2 ,-- 
Indoco Remedies,Pharma ,Public,Hyderabad / Secunderabad , 3.7,77,69,1k , 5k-10k ,5.2k ,57 ,-- 
Hosting Raja,IT Services & Consulting ,,Bangalore / Bengaluru , 4.9,12,1,26 , 501-1k ,39 ,1 ,-- 
Healthsignz Technologies,IT Services & Consulting ,Startup,Bangalore / Bengaluru , 3.2,10,3,24 , 51-200 ,220 ,2 ,-- 
Takeda Pharmaceutical,Pharma ,Forbes Global 2000,Gurgaon / Gurugram , 4.4,,3,33 , 51-200 ,217 ,2 ,-- 
TeraSoftware,IT Services & Consulting ,Public,Hyderabad / Secunderabad , 3.9,30,22,72 , 501-1k ,560 ,1 ,-- 
Smartron India,Financial Services ,Startup,Hyderabad / Secunderabad , 3.7,11,6,25 , 51-200 ,296 ,1 ,-- 
B2B Software Technologies,IT Services & Consulting ,Public,Hyderabad / Secunderabad , 4.4,24,1,30 , 51-200 ,165 ,1 ,-- 
LogMeIn,IT Services & Consulting ,Public,Bangalore / Bengaluru , 4.1,21,1,26 , 201-500 ,336 ,2 ,-- 
Sparsh BPO Services,BPO ,Public,Gurgaon / Gurugram , 3.9,46,18,72 , 10k-50k ,237 ,1 ,-- 
Jubilant Pharmova,Pharma ,Public,Bangalore / Bengaluru , 4.0,46,54,781 , 1k-5k ,3.8k ,54 ,63 
Chiacon Consulting,IT Services & Consulting ,Startup,, 4.1,4,,24 , 11-50 ,37 ,-- ,-- 
ConvertCart,Software Product ,Startup,, 4.3,,,37 , 51-200 ,337 ,4 ,-- 
MRO-TEK,IT Services & Consulting ,Public,Bangalore / Bengaluru , 4.1,40,7,38 , 51-200 ,309 ,1 ,-- 
Magzter,IT Services & Consulting ,Startup,Chennai, 3.2,13,1,20 , 51-200 ,229 ,-- ,-- 
Melstar Information Technologies,IT Services & Consulting ,Public,Bangalore / Bengaluru , 3.5,38,7,43 , 11-50 ,316 ,1 ,-- 
Elixr Labs Technologies,IT Services & Consulting ,Startup,Chennai, 4.6,3,3,88 , 51-200 ,82 ,2 ,-- 
iValuePlus Services,IT Services & Consulting ,Startup,, 4.9,5,,21 , 11-50 ,39 ,-- ,-- 
Kaleidofin,Financial Services ,Startup,Chennai, 3.6,6,4,26 , 51-200 ,285 ,4 ,-- 
MyLoanCare,Financial Services ,Startup,, 3.8,,,22 , 51-200 ,181 ,-- ,-- 
ITTStar Global Services Private Limited,Software Product ,Startup,Bangalore / Bengaluru , 3.7,12,1,26 , 51-200 ,128 ,2 ,-- 
Vizlogic Digital Solutions,IT Services & Consulting ,Startup,Gurgaon / Gurugram , 4.8,6,2,34 , 11-50 ,35 ,1 ,15 
Entropik Tech,IT Services & Consulting ,Startup,Bangalore / Bengaluru , 3.1,8,2,22 , 51-200 ,333 ,1 ,-- 
Fortinet,IT Services & Consulting ,Forbes Global 2000,Bangalore / Bengaluru , 4.5,24,3,23 , 201-500 ,292 ,7 ,-- 
Weizmann Forex,Financial Services ,Public,Bangalore / Bengaluru , 3.7,31,31,120 , 201-500 ,505 ,-- ,-- 
5paisa Capital Ltd.,Financial Services ,Public,Bangalore / Bengaluru , 4.1,9,9,339 , 501-1k ,1.4k ,24 ,-- 
BT E Serv,Telecom ,Public,Gurgaon / Gurugram , 4.3,17,3,49 , 201-500 ,2.5k ,40 ,-- 
Software Technology Parks of India,Software Product ,,Bangalore / Bengaluru , 4.2,33,16,54 , 501-1k ,510 ,5 ,-- 
Jagsonpal Pharmaceuticals,Pharma ,Public,Gurgaon / Gurugram , 3.6,46,30,150 , 1k-5k ,596 ,9 ,-- 
HLL Lifecare,Healthcare ,Central,Chennai, 3.8,58,94,436 , 1k-5k ,1.6k ,33 ,-- 
Nutek,Telecom ,Public,Gurgaon / Gurugram , 4.1,32,20,50 , 11-50 ,184 ,1 ,-- 
Kernex Micro Systems,IT Services & Consulting ,Public,Hyderabad / Secunderabad , 3.0,33,2,23 , 201-500 ,126 ,2 ,-- 
Numberz,Financial Services ,Startup,Gurgaon / Gurugram , 4.6,10,2,23 , 11-50 ,79 ,-- ,-- 
Hutech Solutions,IT Services & Consulting ,Startup,, 4.4,5,,22 , 51-200 ,88 ,1 ,-- 
SHAREit Technology,Software Product ,,Gurgaon / Gurugram , 3.3,7,3,28 , 501-1k ,274 ,2 ,-- 
Easy Quick Web,IT Services & Consulting ,Startup,, 5.0,3,,27 , 11-50 ,3 ,2 ,-- 
Bigo Service,Telecom ,,, 4.3,6,,24 ,,142 ,1 ,-- 
Numberz,Financial Services ,Startup,Gurgaon / Gurugram , 4.6,10,2,23 , 11-50 ,79 ,-- ,-- 
Appscrip,Software Product ,Startup,Bangalore / Bengaluru , 3.7,10,2,31 , 51-200 ,228 ,5 ,-- 
BootLabs,IT Services & Consulting ,Startup,Bangalore / Bengaluru , 4.7,5,2,23 , 51-200 ,100 ,3 ,-- 
Hutech Solutions,IT Services & Consulting ,Startup,, 4.4,5,,22 , 51-200 ,88 ,1 ,-- 
Cloudberry360 Technologies,IT Services & Consulting ,Startup,Bangalore / Bengaluru , 4.4,3,1,21 , 11-50 ,43 ,1 ,-- 
HOV Services,BPO ,Public,Chennai, 3.5,35,4,58 , 51-200 ,323 ,4 ,-- 
TARV TECHNOLOGIES,IT Services & Consulting ,Public,Chennai, 4.1,17,15,67 , 501-1k ,61 ,5 ,-- 
Aleor Dermaceuticals,Pharma ,Public,Hyderabad / Secunderabad , 3.8,8,4,84 , 51-200 ,478 ,3 ,-- 
Raptakos Brett and Company,Pharma ,Public,Hyderabad / Secunderabad , 3.7,94,45,268 , 201-500 ,1.3k ,16 ,-- 
EdGe Networks,Software Product ,Startup,Bangalore / Bengaluru , 3.9,12,1,23 , 51-200 ,276 ,-- ,-- 
Lirik Infotech,IT Services & Consulting ,Public,Gurgaon / Gurugram , 4.4,9,2,27 , 51-200 ,308 ,6 ,-- 
Accrete Globus Technology,IT Services & Consulting ,,Bangalore / Bengaluru , 3.7,11,2,23 , 51-200 ,146 ,6 ,-- 
Antares Systems,IT Services & Consulting ,Public,Bangalore / Bengaluru , 4.3,27,10,57 , 201-500 ,321 ,-- ,-- 
ADTRAN,Telecom ,Public,Hyderabad / Secunderabad , 4.2,39,2,21 , 51-200 ,295 ,1 ,-- 
Equinix,IT Services & Consulting ,Forbes Global 2000,Bangalore / Bengaluru , 4.1,26,3,32 , 501-1k ,491 ,2 ,-- 
Davita Nephrolife Care,Healthcare ,Forbes Global 2000,Bangalore / Bengaluru , 4.4,15,9,42 , 51-200 ,136 ,2 ,-- 
Response Informatics,IT Services & Consulting ,Public,, 3.9,,,19 , 51-200 ,213 ,3 ,746 
AppDynamics,Software Product ,Public,Bangalore / Bengaluru , 4.3,16,2,22 , 201-500 ,211 ,1 ,-- 
ALIGHT HR SERVICES,IT Services & Consulting ,Startup,Gurgaon / Gurugram , 3.9,7,6,40 , 1k-5k ,278 ,2 ,23 
E-DAC Learning Solutions,Software Product ,Startup,Gurgaon / Gurugram , 3.3,8,10,34 , 51-200 ,137 ,3 ,7 
Saturam,Software Product ,Startup,Bangalore / Bengaluru , 3.6,,1,19 , 51-200 ,108 ,2 ,-- 
PlaySimple Games,IT Services & Consulting ,Startup,, 3.3,10,,22 , 201-500 ,287 ,17 ,-- 
Rapidue Technologies,IT Services & Consulting ,Startup,Hyderabad / Secunderabad , 3.5,7,5,28 , 51-200 ,267 ,-- ,10 
Loop Health,Software Product ,Startup,Bangalore / Bengaluru , 3.7,6,3,64 , 201-500 ,307 ,4 ,4 
SigTuple,IT Services & Consulting ,Startup,Bangalore / Bengaluru , 4.1,9,1,19 , 51-200 ,272 ,2 ,-- 
Systech Services,IT Services & Consulting ,Public,Bangalore / Bengaluru , 4.4,26,6,25 , 51-200 ,194 ,1 ,-- 
Celigo,Software Product ,,Hyderabad / Secunderabad , 3.4,13,1,26 , 51-200 ,466 ,5 ,-- 
NICE,Software Product ,Public,Bangalore / Bengaluru , 3.8,38,14,403 , 1k-5k ,3.4k ,57 ,-- 
GyanMatrix Technologies,IT Services & Consulting ,Startup,Bangalore / Bengaluru , 3.5,9,2,22 , 51-200 ,171 ,1 ,-- 
Bharat Broadband Network,Telecom ,,Bangalore / Bengaluru , 4.2,,55,135 , 51-200 ,740 ,6 ,-- 
Gemini Communication,IT Services & Consulting ,Public,Chennai, 4.2,29,18,49 , 11-50 ,203 ,1 ,-- 
Versa Networks,Software Product ,Startup,Bangalore / Bengaluru , 4.0,12,2,22 , 11-50 ,339 ,2 ,-- 
Eunimart,IT Services & Consulting ,Startup,, 2.6,8,,19 , 51-200 ,173 ,2 ,-- 
Nestor Pharmaceuticals,Pharma ,Public,Gurgaon / Gurugram , 2.8,107,11,83 , 51-200 ,389 ,5 ,-- 
Coupa Software Inc,IT Services & Consulting ,Public,Hyderabad / Secunderabad , 3.9,18,2,80 , 501-1k ,789 ,17 ,-- 
Dell R&D Center,IT Services & Consulting ,Public,Bangalore / Bengaluru , 4.3,40,3,22 , 1k-5k ,300 ,1 ,-- 
Neuroglia Health,Healthcare ,Startup,Bangalore / Bengaluru , 3.1,,1,21 , 51-200 ,198 ,1 ,-- 
ThoughtSpot,Software Product ,Startup,Bangalore / Bengaluru , 3.8,12,3,22 , 201-500 ,383 ,13 ,35 
RtBrick,Software Product ,Startup,Bangalore / Bengaluru , 4.0,9,1,18 , 11-50 ,21 ,1 ,-- 
Cos Global,Software Product ,Startup,Hyderabad / Secunderabad , 4.9,3,1,17 , 11-50 ,11 ,1 ,-- 
Uncia Technologies,Software Product ,Startup,Chennai, 3.9,4,2,21 , 51-200 ,42 ,-- ,8 
Align Technology,IT Services & Consulting ,Forbes Global 2000,Hyderabad / Secunderabad , 3.3,27,3,30 , 201-500 ,370 ,7 ,30 
Everi India,IT Services & Consulting ,Public,Chennai, 3.6,9,2,22 , 51-200 ,338 ,5 ,-- 
CA-One Tech Cloud,IT Services & Consulting ,Startup,Bangalore / Bengaluru , 3.7,7,3,26 , 201-500 ,146 ,7 ,72 
Financepeer,Financial Services ,Startup,Hyderabad / Secunderabad , 3.1,7,12,79 , 201-500 ,439 ,5 ,-- 
Aavas Financiers,Financial Services ,Public,Bangalore / Bengaluru , 4.0,13,236,1.6k , 5k-10k ,5.3k ,77 ,65 
eClerx,IT Services & Consulting ,Public,Bangalore / Bengaluru , 3.5,24,19,4.4k , 10k-50k ,27.8k ,408 ,-- 
Nucleus Software Exports,Software Product ,Public,Chennai, 3.6,38,12,440 , 1k-5k ,4.4k ,31 ,-- 
Cohesity,Software Product ,,Bangalore / Bengaluru , 3.7,11,2,28 , 1k-5k ,400 ,11 ,-- 
MapmyIndia,Software Product ,Public,Bangalore / Bengaluru , 3.9,32,7,225 , 201-500 ,1.6k ,17 ,-- 
Medibox Digital Solutions,Software Product ,Startup,Bangalore / Bengaluru , 3.3,8,2,21 , 51-200 ,180 ,-- ,-- 
Entero Healthcare Solutions,Pharma ,Public,Chennai, 4.3,6,19,151 , 1k-5k ,769 ,5 ,-- 
Celebal Technologies,IT Services & Consulting ,Startup,Hyderabad / Secunderabad , 2.8,9,16,433 , 1k-5k ,2.7k ,82 ,11 
Finance Buddha,Financial Services ,,Bangalore / Bengaluru , 4.0,12,4,26 , 51-200 ,279 ,2 ,-- 
Virinchi,Healthcare ,Public,Hyderabad / Secunderabad , 4.1,,2,24 , 501-1k ,348 ,2 ,-- 
Guidewire Software,Software Product ,Public,Chennai, 4.7,23,2,19 , 201-500 ,161 ,4 ,-- 
Owo Technologies,IT Services & Consulting ,Startup,, 3.1,4,,21 , 11-50 ,94 ,-- ,-- 
Primathon Technology Ventures,IT Services & Consulting ,,Gurgaon / Gurugram , 3.5,6,1,19 ,,75 ,2 ,-- 
Indian Telephone Industries,Telecom ,Public,Bangalore / Bengaluru , 4.0,76,14,50 , 1k-5k ,298 ,2 ,-- 
Elite IT Services,Telecom ,Startup,Gurgaon / Gurugram , 4.0,12,6,20 , 51-200 ,265 ,1 ,-- 
Nihar Info Global,Financial Services ,Public,Hyderabad / Secunderabad , 3.7,,1,16 , 11-50 ,73 ,-- ,-- 
Veritas,Software Product ,Public,Bangalore / Bengaluru , 4.1,35,38,489 , 1k-5k ,4.4k ,45 ,-- 
Tech Data,IT Services & Consulting ,Public,Bangalore / Bengaluru , 4.1,50,7,55 , 501-1k ,586 ,6 ,-- 
Stockal,IT Services & Consulting ,Startup,Bangalore / Bengaluru , 3.9,8,2,18 , 51-200 ,149 ,2 ,-- 
Esper,Software Product ,Startup,Bangalore / Bengaluru , 3.8,6,1,17 , 51-200 ,170 ,1 ,-- 
Cipla Health,Pharma ,Public,Bangalore / Bengaluru , 4.2,11,55,257 , 10k-50k ,1.1k ,20 ,-- 
Nomura Research Institute Consulting and Solutions,IT Services & Consulting ,,Gurgaon / Gurugram , 3.6,,2,18 ,,232 ,2 ,-- 
Mentor Graphics,Software Product ,Public,Bangalore / Bengaluru , 4.0,43,5,51 , 201-500 ,687 ,18 ,-- 
6Sense,Software Product ,Startup,Bangalore / Bengaluru , 3.5,11,1,85 , 201-500 ,389 ,5 ,-- 
Nu10 Technologies,IT Services & Consulting ,Startup,Bangalore / Bengaluru , 3.0,3,2,22 , 51-200 ,171 ,6 ,-- 
InovarTech Private Limted,IT Services & Consulting ,Startup,, 3.8,7,,14 , 51-200 ,64 ,1 ,10 
OneDirect (India),IT Services & Consulting ,Startup,Bangalore / Bengaluru , 3.6,11,3,33 , 51-200 ,361 ,2 ,-- 
Prithvi Information Solutions,IT Services & Consulting ,Public,Hyderabad / Secunderabad , 3.8,26,6,20 , 1k-5k ,81 ,3 ,-- 
Synergy Netsoft,IT Services & Consulting ,Public,, 4.6,31,,13 , 501-1k ,60 ,-- ,-- 
Dizitive It Solutions,IT Services & Consulting ,Startup,Hyderabad / Secunderabad , 3.7,8,1,24 , 11-50 ,113 ,2 ,-- 
8KMiles Software Services,IT Services & Consulting ,,, 2.6,17,,15 , 501-1k ,271 ,2 ,-- 
CAT Technologies,IT Services & Consulting ,Public,Hyderabad / Secunderabad , 3.7,25,2,19 , 51-200 ,226 ,1 ,-- 
Synergy Netsoft,IT Services & Consulting ,Public,, 4.6,31,,13 , 501-1k ,60 ,-- ,-- 
Dizitive It Solutions,IT Services & Consulting ,Startup,Hyderabad / Secunderabad , 3.7,8,1,24 , 11-50 ,113 ,2 ,-- 
Innoventes Technologies,IT Services & Consulting ,Startup,, 3.6,11,,13 , 51-200 ,162 ,3 ,-- 
Hyring,Software Product ,Startup,, 4.7,2,,16 , 11-50 ,25 ,1 ,-- 
Zeliot Connected Services,Software Product ,Startup,Bangalore / Bengaluru , 4.3,6,1,16 , 51-200 ,94 ,-- ,-- 
Acviss,Software Product ,Startup,, 3.6,8,,14 , 11-50 ,54 ,5 ,10 
Euphoric Thought Technologies,IT Services & Consulting ,Startup,Bangalore / Bengaluru , 5.0,6,1,14 , 51-200 ,38 ,-- ,-- 
Terumo Corporation,Healthcare ,Forbes Global 2000,Gurgaon / Gurugram , 2.9,,3,16 , 51-200 ,187 ,1 ,-- 
CyberArk,Software Product ,Public,Hyderabad / Secunderabad , 3.7,25,1,15 , 51-200 ,327 ,10 ,-- 
Gnani Innovations,Software Product ,Startup,, 4.0,8,,14 , 11-50 ,206 ,4 ,-- 
Azimuth GRC,Software Product ,,, 3.1,7,,14 , 11-50 ,59 ,2 ,-- 
truData Solutions,IT Services & Consulting ,Startup,Hyderabad / Secunderabad , 4.7,6,1,13 , 11-50 ,13 ,-- ,-- 
Optiva,Software Product ,Public,Bangalore / Bengaluru , 4.4,25,7,46 , 51-200 ,454 ,2 ,-- 
TeleCMI,Telecom ,Startup,Chennai, 4.7,8,2,30 , 11-50 ,18 ,-- ,2 
Sasken Network Engineering,IT Services & Consulting ,,Bangalore / Bengaluru , 5.0,20,1,13 , 51-200 ,76 ,-- ,-- 
Alankit,Financial Services ,Public,Hyderabad / Secunderabad , 3.4,33,37,335 , 1k-5k ,1.3k ,20 ,20 
MAS Financial Services,Financial Services ,Public,Bangalore / Bengaluru , 3.7,29,100,498 , 1k-5k ,1.8k ,29 ,21 
Hippo Innovations,Software Product ,Startup,Gurgaon / Gurugram , 4.2,10,1,15 , 11-50 ,112 ,-- ,-- 
Encore Theme Technologies,IT Services & Consulting ,,Chennai, 3.2,,3,16 ,,204 ,1 ,-- 
Cybermate Infotek,IT Services & Consulting ,,, 3.3,30,,12 , 201-500 ,158 ,1 ,-- 
Polestar Solutions & Services India,IT Services & Consulting ,Startup,Bangalore / Bengaluru , 4.4,12,8,341 , 201-500 ,993 ,15 ,-- 
RDA Labs,IT Services & Consulting ,Startup,Bangalore / Bengaluru , 3.9,9,2,28 , 51-200 ,208 ,2 ,-- 
Mindpool Technologies,IT Services & Consulting ,Public,Bangalore / Bengaluru , 3.7,13,4,52 , 201-500 ,418 ,4 ,-- 
Kalindee Rail Nirman (E),Telecom ,Public,Gurgaon / Gurugram , 4.1,40,14,65 , 1k-5k ,273 ,1 ,-- 
Staqu Technologies,Financial Services ,Startup,Gurgaon / Gurugram , 3.4,9,2,17 , 11-50 ,181 ,4 ,-- 
Eleve Media,Financial Services ,,, 2.6,11,,12 ,,162 ,3 ,-- 
Riddhi Corporate Services,IT Services & Consulting ,Public,Chennai, 3.8,14,33,155 , 11-50 ,631 ,8 ,18 
mSupply,Financial Services ,,Bangalore / Bengaluru , 3.2,9,2,14 , 51-200 ,69 ,1 ,-- 
Analyttica Datalab,Financial Services ,Startup,, 3.4,,,14 , 11-50 ,194 ,3 ,-- 
AbbVie Inc.,Pharma ,Forbes Global 2000,Bangalore / Bengaluru , 4.0,,10,40 , 1k-5k ,245 ,5 ,-- 
Med-heim India,Healthcare ,Startup,, 4.8,,,13 , 51-200 ,15 ,5 ,-- 
WebGo Software Labs,Software Product ,Startup,, 4.2,4,,15 , 11-50 ,5 ,13 ,-- 
Zuper,IT Services & Consulting ,Startup,, 3.9,7,,13 , 11-50 ,147 ,1 ,-- 
Ruloans,Financial Services ,,Chennai, 3.6,28,32,143 , 51-200 ,856 ,8 ,-- 
Discover Dollar,IT Services & Consulting ,Startup,Bangalore / Bengaluru , 4.5,10,1,13 , 11-50 ,93 ,2 ,-- 
Rapid Acceleration Partners,Software Product ,Startup,, 3.5,7,,14 , 51-200 ,123 ,1 ,-- 
Tekplay Systems,IT Services & Consulting ,Public,Chennai, 2.8,24,5,23 , 51-200 ,390 ,-- ,9 
Aequalis Software Solutions,Software Product ,Startup,, 4.4,,,12 , 11-50 ,149 ,4 ,-- 
Auxilo Finserve,Financial Services ,Startup,Hyderabad / Secunderabad , 4.2,7,8,47 , 51-200 ,448 ,1 ,22 
Nelco,Telecom ,Public,Hyderabad / Secunderabad , 3.6,84,17,110 , 201-500 ,535 ,5 ,-- 
Inspira,IT Services & Consulting ,,Bangalore / Bengaluru , 4.1,6,4,19 , 51-200 ,176 ,1 ,-- 
Litmus World,IT Services & Consulting ,Startup,Bangalore / Bengaluru , 4.0,9,2,18 , 51-200 ,306 ,2 ,-- 
iMerit,Software Product ,Startup,Bangalore / Bengaluru , 3.7,12,11,872 , 1k-5k ,4.1k ,79 ,19 
Satya MicroCapital,Financial Services ,Public,Chennai, 3.7,8,120,464 , 1k-5k ,1.6k ,47 ,-- 
Nelco,Telecom ,Public,Hyderabad / Secunderabad , 3.6,84,17,110 , 201-500 ,535 ,5 ,-- 
Acropetal Technologies,IT Services & Consulting ,,Bangalore / Bengaluru , 4.3,23,3,14 , 501-1k ,38 ,-- ,-- 
TTSL,Telecom ,Public,Hyderabad / Secunderabad , 4.2,28,19,39 , 1k-5k ,225 ,2 ,-- 
Cheric Information Network Technologies,IT Services & Consulting ,Startup,Hyderabad / Secunderabad , 4.9,12,1,12 , 51-200 ,135 ,-- ,-- 
Envestnet Asset Management,Financial Services ,Public,Bangalore / Bengaluru , 3.9,25,4,197 , 1k-5k ,1.7k ,15 ,19 
Coloplast,Healthcare ,Forbes Global 2000,Bangalore / Bengaluru , 3.2,70,18,93 , 51-200 ,327 ,7 ,-- 
Muthoot Capital Services,Financial Services ,Public,Chennai, 3.8,30,65,204 , 1k-5k ,817 ,2 ,30 
Helios and Matheson Information Technology,IT Services & Consulting ,,Chennai, 4.5,,5,19 ,,53 ,-- ,-- 
Medeor,Healthcare ,Public,Gurgaon / Gurugram , 3.9,20,8,90 , 501-1k ,519 ,3 ,-- 
Fincover,Financial Services ,Startup,, 4.9,4,,12 , 51-200 ,17 ,-- ,-- 
Sri Hema Infotech,IT Services & Consulting ,,Chennai, 4.4,20,2,14 , 11-50 ,178 ,1 ,-- 
Kindly Health,Healthcare ,Startup,Bangalore / Bengaluru , 4.3,4,1,14 , 11-50 ,47 ,-- ,-- 
Heptagon Technologies,IT Services & Consulting ,Startup,Bangalore / Bengaluru , 4.1,9,2,54 , 51-200 ,516 ,5 ,-- 
TAO The Automation Office,IT Services & Consulting ,Startup,Bangalore / Bengaluru , 4.4,8,2,13 , 501-1k ,140 ,2 ,-- 
Tlg India,Software Product ,Public,Gurgaon / Gurugram , 3.9,52,10,35 , 201-500 ,460 ,1 ,-- 
Ceinsys Tech,IT Services & Consulting ,Public,Hyderabad / Secunderabad , 3.9,26,36,293 , 501-1k ,1.3k ,11 ,17 
2050 Healthcare,Healthcare ,Startup,Hyderabad / Secunderabad , 3.5,5,17,64 , 1k-5k ,177 ,1 ,25 
Cusmat,Software Product ,Startup,Bangalore / Bengaluru , 3.3,8,1,12 , 11-50 ,75 ,1 ,-- 
Veeva Systems,Software Product ,,Hyderabad / Secunderabad , 3.4,17,1,23 , 1k-5k ,249 ,7 ,34 
Kindly Health,Healthcare ,Startup,Bangalore / Bengaluru , 4.3,4,1,14 , 11-50 ,47 ,-- ,-- 
Fincover,Financial Services ,Startup,, 4.9,4,,12 , 51-200 ,17 ,-- ,-- 
Zintlr,IT Services & Consulting ,Startup,, 4.6,2,,14 , 1-10 ,19 ,2 ,-- 
Medeor,Healthcare ,Public,Gurgaon / Gurugram , 3.9,20,8,90 , 501-1k ,519 ,3 ,-- 
RupeeRedee,Financial Services ,,Gurgaon / Gurugram , 3.3,6,2,13 ,,105 ,2 ,-- 
Themis Medicare,Pharma ,Public,Chennai, 3.7,55,33,216 , 201-500 ,965 ,10 ,-- 
Reliable Data Services,BPO ,Public,Chennai, 3.6,,12,44 , 51-200 ,231 ,1 ,-- 
TCG Lifesciences,Pharma ,Public,Hyderabad / Secunderabad , 4.1,23,7,280 , 1k-5k ,1.2k ,12 ,-- 
HCAH SuVitas,Healthcare ,,Hyderabad / Secunderabad , 3.3,10,1,16 , 11-50 ,127 ,-- ,-- 
Wishup,Financial Services ,Startup,Bangalore / Bengaluru , 4.4,9,3,112 , 11-50 ,241 ,16 ,-- 
Unichem Laboratories,Pharma ,Public,Hyderabad / Secunderabad , 3.9,80,68,1k , 1k-5k ,4.9k ,76 ,32 
Uniinfo Telecom Services,Telecom ,Public,Bangalore / Bengaluru , 3.8,14,30,188 , 201-500 ,538 ,10 ,-- 
Kerala Ayurveda,Pharma ,Public,Bangalore / Bengaluru , 4.1,79,7,32 , 51-200 ,195 ,3 ,-- 
IDBI Capital,Financial Services ,Public,Hyderabad / Secunderabad , 3.5,31,35,145 , 51-200 ,835 ,9 ,-- 
Luker Electric Technologies,Financial Services ,Startup,Hyderabad / Secunderabad , 3.7,10,18,66 , 51-200 ,397 ,5 ,-- 
Everest Organics,Pharma ,Public,Hyderabad / Secunderabad , 3.0,,2,27 , 501-1k ,174 ,-- ,-- 
Cumulations Technologies,Financial Services ,Startup,Bangalore / Bengaluru , 4.7,,1,12 , 11-50 ,82 ,-- ,-- 
Trendlyne Technologies,Financial Services ,,, 3.9,9,,10 ,,42 ,5 ,-- 
MOBIGOSSIP INFOTECH,Telecom ,Startup,, 4.2,12,,11 , 1-10 ,13 ,1 ,-- 
Think201,IT Services & Consulting ,Startup,, 3.7,11,,10 , 11-50 ,38 ,-- ,-- 
TerraEagle,IT Services & Consulting ,Startup,, 4.8,2,,16 , 11-50 ,28 ,1 ,-- 
Reliable Data Services,BPO ,Public,Chennai, 3.6,,12,44 , 51-200 ,231 ,1 ,-- 
ITCrats Info Solutions,IT Services & Consulting ,Startup,, 3.9,10,,11 , 51-200 ,239 ,-- ,-- 
Odyssey Technologies,IT Services & Consulting ,Public,Chennai, 3.3,,3,20 , 51-200 ,162 ,1 ,-- 
Qure.ai,Healthcare ,,Bangalore / Bengaluru , 3.3,8,1,23 , 11-50 ,205 ,3 ,-- 
O4S,Software Product ,Startup,, 3.3,7,,13 , 51-200 ,180 ,3 ,-- 
Sunday Labs,IT Services & Consulting ,Startup,Gurgaon / Gurugram , 4.8,4,1,13 , 51-200 ,42 ,-- ,7 
MedPay,Healthcare ,Startup,Bangalore / Bengaluru , 3.9,4,1,33 , 51-200 ,40 ,1 ,-- 
Kavach Financial Services,Software Product ,,Gurgaon / Gurugram , 3.1,,2,11 ,,69 ,1 ,-- 
Intelsat,Telecom ,Public,Chennai, 4.2,60,1,11 , 11-50 ,137 ,2 ,-- 
Triveni Enterprises,Financial Services ,Public,Bangalore / Bengaluru , 3.9,,3,15 , 51-200 ,123 ,-- ,-- 
Religare Housing Development Finance Corporation,Financial Services ,Public,Bangalore / Bengaluru , 4.5,31,26,89 , 51-200 ,264 ,1 ,-- 
Zippr,IT Services & Consulting ,,Hyderabad / Secunderabad , 3.5,11,1,11 , 11-50 ,61 ,-- ,-- 
Silver Touch Technologies,IT Services & Consulting ,Public,Gurgaon / Gurugram , 3.5,32,26,254 , 1k-5k ,2.3k ,20 ,-- 
FCS Software Solutions,IT Services & Consulting ,Public,Hyderabad / Secunderabad , 3.5,30,13,126 , 1k-5k ,798 ,7 ,-- 
Hfcl Infotel,Telecom ,Public,Gurgaon / Gurugram , 4.5,37,28,53 , 1k-5k ,189 ,2 ,-- 
Altiux Innovations,Financial Services ,Startup,Bangalore / Bengaluru , 2.2,11,2,11 , 51-200 ,220 ,-- ,-- 
Zilingo,Financial Services ,Startup,Bangalore / Bengaluru , 4.1,9,6,27 , 201-500 ,285 ,2 ,-- 
Crystal Hues,IT Services & Consulting ,Public,Bangalore / Bengaluru , 3.9,35,8,51 , 51-200 ,290 ,1 ,25 
Mitosis Technologies,IT Services & Consulting ,Startup,Chennai, 3.7,11,1,10 , 51-200 ,104 ,-- ,-- 
D4t4 Solutions,IT Services & Consulting ,Public,, 4.5,39,,12 , 11-50 ,93 ,-- ,-- 
Network People Services Technologies,IT Services & Consulting ,Startup,Bangalore / Bengaluru , 3.9,11,9,63 , 51-200 ,494 ,4 ,21 
Motilal Oswal,Financial Services ,Public,Bangalore / Bengaluru , 3.9,37,41,138 , 5k-10k ,1.2k ,14 ,15 
Talend Data Integration Services,Software Product ,Public,Bangalore / Bengaluru , 3.8,19,1,15 , 51-200 ,170 ,3 ,-- 
REALWORLD ONE,Software Product ,,Bangalore / Bengaluru , 2.5,7,2,11 , 51-200 ,60 ,-- ,-- 
Zinier,Software Product ,,, 3.5,9,,10 , 201-500 ,265 ,2 ,19 
NeoDove,Software Product ,Startup,Bangalore / Bengaluru , 2.4,5,2,13 , 51-200 ,96 ,2 ,16 
Skylo,Telecom ,Startup,Bangalore / Bengaluru , 3.1,7,1,12 , 51-200 ,78 ,-- ,-- 
LeanIX,IT Services & Consulting ,Startup,Hyderabad / Secunderabad , 3.8,12,1,10 , 11-50 ,71 ,6 ,-- 
Koantek,IT Services & Consulting ,Startup,Bangalore / Bengaluru , 3.9,4,3,36 , 51-200 ,153 ,15 ,5 
VisAI Labs,Software Product ,Startup,Chennai, 4.8,6,1,103 , 51-200 ,87 ,7 ,-- 
Decisions,Software Product ,Startup,Hyderabad / Secunderabad , 2.9,16,2,14 , 51-200 ,84 ,6 ,-- 
Genesis,Healthcare ,,Bangalore / Bengaluru , 4.0,12,18,46 , 1k-5k ,478 ,6 ,-- 
SWIFT,Financial Services ,Startup,Bangalore / Bengaluru , 3.0,6,12,27 , 11-50 ,257 ,-- ,-- 
LiftOff Software,IT Services & Consulting ,Startup,Bangalore / Bengaluru , 2.8,14,1,9 , 51-200 ,107 ,2 ,-- 
Nettlinx,IT Services & Consulting ,Public,, 3.1,25,,11 , 51-200 ,83 ,-- ,-- 
Saiesh Info Solutions,IT Services & Consulting ,Startup,Bangalore / Bengaluru , 3.6,9,1,10 , 11-50 ,67 ,1 ,-- 
Wanbury,Pharma ,Public,Hyderabad / Secunderabad , 3.5,36,27,177 , 1k-5k ,751 ,5 ,-- 
Mygubbi,Financial Services ,Startup,Bangalore / Bengaluru , 2.0,9,1,9 , 51-200 ,79 ,-- ,-- 
TurningCloud Solutions,Financial Services ,Startup,, 3.2,,,8 , 11-50 ,174 ,1 ,-- 
Genesis,Healthcare ,,Bangalore / Bengaluru , 4.0,12,18,46 , 1k-5k ,478 ,6 ,-- 
Indepay Networks,Financial Services ,,, 2.4,,,9 ,,106 ,-- ,-- 
Blue Cross Laboratories,Pharma ,Public,Hyderabad / Secunderabad , 3.9,44,32,158 , 1k-5k ,538 ,5 ,-- 
IQnext,Software Product ,Startup,Bangalore / Bengaluru , 5.0,8,1,11 , 11-50 ,91 ,1 ,-- 
InfoBeans,IT Services & Consulting ,Public,Chennai, 3.6,24,5,262 , 1k-5k ,2.8k ,26 ,-- 
SWIFT,Financial Services ,Startup,Bangalore / Bengaluru , 3.0,6,12,27 , 11-50 ,257 ,-- ,-- 
Edvenswa Tech,IT Services & Consulting ,Public,Hyderabad / Secunderabad , 3.9,17,1,11 , 51-200 ,179 ,1 ,-- 
"Ministry Of Health, New Delhi",Healthcare ,Public,Chennai, 4.4,48,52,302 , 10k-50k ,1k ,13 ,-- 
Saiesh Info Solutions,IT Services & Consulting ,Startup,Bangalore / Bengaluru , 3.6,9,1,10 , 11-50 ,67 ,1 ,-- 
Cravatex,Financial Services ,,Bangalore / Bengaluru , 4.5,73,7,39 , 501-1k ,264 ,1 ,-- 
Paynear Solutions,Financial Services ,,Hyderabad / Secunderabad , 4.9,11,5,17 ,,45 ,-- ,-- 
RouteMobile,IT Services & Consulting ,Public,Bangalore / Bengaluru , 4.2,20,6,62 , 201-500 ,621 ,4 ,26 
Snapmint Credit Advisory,Financial Services ,Startup,Gurgaon / Gurugram , 3.9,9,6,27 , 51-200 ,240 ,3 ,15 
COSYN,IT Services & Consulting ,Public,Hyderabad / Secunderabad , 3.4,38,7,18 , 51-200 ,105 ,1 ,-- 
RMgX,IT Services & Consulting ,Startup,Gurgaon / Gurugram , 4.1,9,1,18 , 51-200 ,62 ,1 ,-- 
Lupin Digital Health,Pharma ,Startup,Bangalore / Bengaluru , 3.6,2,5,18 , 51-200 ,89 ,-- ,-- 
Peso : Accounts Receivables Automation Software,Software Product ,Startup,Bangalore / Bengaluru , 5.0,1,1,10 , 1-10 ,3 ,1 ,-- 
Crediwatch,IT Services & Consulting ,Startup,, 2.1,11,,9 , 51-200 ,218 ,2 ,-- 
Scymes Services,IT Services & Consulting ,Startup,Chennai, 3.8,,12,97 , 501-1k ,352 ,4 ,-- 
Bitcs.in,IT Services & Consulting ,Startup,Gurgaon / Gurugram , 4.1,,2,20 , 51-200 ,93 ,-- ,-- 
Databricks,IT Services & Consulting ,,, 2.6,11,,11 , 1k-5k ,249 ,3 ,28 
DarioHealth,Healthcare ,Public,, 3.7,13,,8 , 51-200 ,89 ,-- ,-- 
Mudrex,Financial Services ,Startup,, 3.4,6,,8 , 11-50 ,75 ,-- ,-- 
Chakravuyha,IT Services & Consulting ,,, 4.1,7,,9 , 51-200 ,90 ,-- ,-- 
QX Global Group,IT Services & Consulting ,Public,Hyderabad / Secunderabad , 3.4,21,15,406 , 1k-5k ,2.2k ,62 ,-- 
BrightGeeks Technologies,IT Services & Consulting ,Startup,Bangalore / Bengaluru , 4.0,3,1,10 , 1-10 ,27 ,-- ,-- 
Peso : Accounts Receivables Automation Software,Software Product ,Startup,Bangalore / Bengaluru , 5.0,1,1,10 , 1-10 ,3 ,1 ,-- 
Starcom Information Technology,IT Services & Consulting ,,Bangalore / Bengaluru , 1.9,12,3,11 , 11-50 ,129 ,-- ,-- 
Petoo,Financial Services ,,Bangalore / Bengaluru , 2.8,9,3,10 , 11-50 ,73 ,-- ,-- 
Sugoi Labs,IT Services & Consulting ,,, 4.8,11,,9 , 11-50 ,41 ,3 ,-- 
Convergytics,Financial Services ,,Bangalore / Bengaluru , 4.3,,1,9 ,,95 ,-- ,-- 
Swash Convergence Technologies,IT Services & Consulting ,Public,Gurgaon / Gurugram , 2.6,23,4,40 , 51-200 ,184 ,1 ,-- 
Take Solutions,IT Services & Consulting ,Public,, 4.0,,,8 , 51-200 ,130 ,-- ,-- 
Dishnet Wireless,Telecom ,Public,Gurgaon / Gurugram , 4.3,26,45,195 , 1k-5k ,429 ,-- ,-- 
Ziqitza Health Care,Healthcare ,Public,Bangalore / Bengaluru , 4.0,19,52,438 , 5k-10k ,1.2k ,18 ,-- 
Ortin Laboratories,Pharma ,Public,Hyderabad / Secunderabad , 3.9,,1,13 , 51-200 ,94 ,-- ,-- 
Magma Housing Finance,Financial Services ,Public,Hyderabad / Secunderabad , 4.4,35,59,149 , 5k-10k ,606 ,4 ,-- 
